area_id,full_address,city,address,street_prefix,street_name,building,house_id,area_name,house_year
2281084,г Москва п Загорье д.10,Москва,п Загорье д.10,п,Загорье ,д.10,7569627,муниципальный округ Бирюлево Восточное,1968
2281084,г Москва п Загорье д.3,Москва,п Загорье д.3,п,Загорье ,д.3,7569823,муниципальный округ Бирюлево Восточное,1964
2281084,г Москва п Загорье д.4,Москва,п Загорье д.4,п,Загорье ,д.4,7569840,муниципальный округ Бирюлево Восточное,1972
2281084,г Москва п Загорье д.5,Москва,п Загорье д.5,п,Загорье ,д.5,7569862,муниципальный округ Бирюлево Восточное,1963
2281084,г Москва п Загорье д.8,Москва,п Загорье д.8,п,Загорье ,д.8,7569888,муниципальный округ Бирюлево Восточное,1963
2281084,г Москва п Загорье д.9,Москва,п Загорье д.9,п,Загорье ,д.9,7569898,муниципальный округ Бирюлево Восточное,1966
2281084,г Москва проезд Загорьевский д.11,Москва,проезд Загорьевский д.11,проезд,Загорьевский ,д.11,7569918,муниципальный округ Бирюлево Восточное,1976
2281084,г Москва проезд Загорьевский д.15,Москва,проезд Загорьевский д.15,проезд,Загорьевский ,д.15,7569932,муниципальный округ Бирюлево Восточное,1976
2281084,г Москва проезд Загорьевский д.17 кор.1,Москва,проезд Загорьевский д.17 кор.1,проезд,Загорьевский ,д.17 кор.1,7569968,муниципальный округ Бирюлево Восточное,1976
2281084,г Москва проезд Загорьевский д.3 кор.1,Москва,проезд Загорьевский д.3 кор.1,проезд,Загорьевский ,д.3 кор.1,7631064,муниципальный округ Бирюлево Восточное,1982
2281084,г Москва проезд Загорьевский д.3 кор.2,Москва,проезд Загорьевский д.3 кор.2,проезд,Загорьевский ,д.3 кор.2,7569991,муниципальный округ Бирюлево Восточное,1982
2281084,г Москва проезд Загорьевский д.3 кор.3,Москва,проезд Загорьевский д.3 кор.3,проезд,Загорьевский ,д.3 кор.3,7569998,муниципальный округ Бирюлево Восточное,1982
2281084,г Москва проезд Загорьевский д.5 кор.1,Москва,проезд Загорьевский д.5 кор.1,проезд,Загорьевский ,д.5 кор.1,7570064,муниципальный округ Бирюлево Восточное,1982
2281084,г Москва проезд Загорьевский д.5 кор.2,Москва,проезд Загорьевский д.5 кор.2,проезд,Загорьевский ,д.5 кор.2,7570071,муниципальный округ Бирюлево Восточное,1982
2281084,г Москва проезд Загорьевский д.7 кор.1,Москва,проезд Загорьевский д.7 кор.1,проезд,Загорьевский ,д.7 кор.1,7570075,муниципальный округ Бирюлево Восточное,1982
2281084,г Москва проезд Загорьевский д.7 кор.2,Москва,проезд Загорьевский д.7 кор.2,проезд,Загорьевский ,д.7 кор.2,7570085,муниципальный округ Бирюлево Восточное,1982
2281084,г Москва проезд Загорьевский д.9,Москва,проезд Загорьевский д.9,проезд,Загорьевский ,д.9,7570091,муниципальный округ Бирюлево Восточное,1976
2281084,г Москва проезд Загорьевский д.9 строение 12,Москва,проезд Загорьевский д.9 строение 12,проезд,Загорьевский ,д.9 строение 12,7589769,муниципальный округ Бирюлево Восточное,1982
2281084,г Москва проезд Михневский д.10,Москва,проезд Михневский д.10,проезд,Михневский ,д.10,7589777,муниципальный округ Бирюлево Восточное,1982
2281084,г Москва проезд Михневский д.4,Москва,проезд Михневский д.4,проезд,Михневский ,д.4,7589838,муниципальный округ Бирюлево Восточное,1983
2281084,г Москва проезд Михневский д.6,Москва,проезд Михневский д.6,проезд,Михневский ,д.6,7589839,муниципальный округ Бирюлево Восточное,1982
2281084,г Москва проезд Михневский д.8 кор.1,Москва,проезд Михневский д.8 кор.1,проезд,Михневский ,д.8 кор.1,7589840,муниципальный округ Бирюлево Восточное,1982
2281084,г Москва проезд Михневский д.8 кор.2,Москва,проезд Михневский д.8 кор.2,проезд,Михневский ,д.8 кор.2,7589842,муниципальный округ Бирюлево Восточное,1982
2281084,г Москва ул Бирюлевская д.1 кор.1,Москва,ул Бирюлевская д.1 кор.1,ул,Бирюлевская ,д.1 кор.1,7012247,муниципальный округ Бирюлево Восточное,2003
2281084,г Москва ул Бирюлевская д.1 кор.2,Москва,ул Бирюлевская д.1 кор.2,ул,Бирюлевская ,д.1 кор.2,7565034,муниципальный округ Бирюлево Восточное,2004
2281084,г Москва ул Бирюлевская д.1 кор.3,Москва,ул Бирюлевская д.1 кор.3,ул,Бирюлевская ,д.1 кор.3,7565036,муниципальный округ Бирюлево Восточное,2004
2281084,г Москва ул Бирюлевская д.10,Москва,ул Бирюлевская д.10,ул,Бирюлевская ,д.10,7589843,муниципальный округ Бирюлево Восточное,1971
2281084,г Москва ул Бирюлевская д.11 кор.1,Москва,ул Бирюлевская д.11 кор.1,ул,Бирюлевская ,д.11 кор.1,7589844,муниципальный округ Бирюлево Восточное,1972
2281084,г Москва ул Бирюлевская д.11 кор.2,Москва,ул Бирюлевская д.11 кор.2,ул,Бирюлевская ,д.11 кор.2,7589846,муниципальный округ Бирюлево Восточное,1971
2281084,г Москва ул Бирюлевская д.11 кор.3,Москва,ул Бирюлевская д.11 кор.3,ул,Бирюлевская ,д.11 кор.3,7589853,муниципальный округ Бирюлево Восточное,1971
2281084,г Москва ул Бирюлевская д.12 кор.1,Москва,ул Бирюлевская д.12 кор.1,ул,Бирюлевская ,д.12 кор.1,7589863,муниципальный округ Бирюлево Восточное,1972
2281084,г Москва ул Бирюлевская д.12 кор.2,Москва,ул Бирюлевская д.12 кор.2,ул,Бирюлевская ,д.12 кор.2,7589864,муниципальный округ Бирюлево Восточное,1973
2281084,г Москва ул Бирюлевская д.13 кор.1,Москва,ул Бирюлевская д.13 кор.1,ул,Бирюлевская ,д.13 кор.1,7589865,муниципальный округ Бирюлево Восточное,1972
2281084,г Москва ул Бирюлевская д.13 кор.2,Москва,ул Бирюлевская д.13 кор.2,ул,Бирюлевская ,д.13 кор.2,7589867,муниципальный округ Бирюлево Восточное,1971
2281084,г Москва ул Бирюлевская д.13 кор.3,Москва,ул Бирюлевская д.13 кор.3,ул,Бирюлевская ,д.13 кор.3,7589873,муниципальный округ Бирюлево Восточное,1971
2281084,г Москва ул Бирюлевская д.14 кор.1,Москва,ул Бирюлевская д.14 кор.1,ул,Бирюлевская ,д.14 кор.1,7589876,муниципальный округ Бирюлево Восточное,1974
2281084,г Москва ул Бирюлевская д.14 кор.2,Москва,ул Бирюлевская д.14 кор.2,ул,Бирюлевская ,д.14 кор.2,7589880,муниципальный округ Бирюлево Восточное,1973
2281084,г Москва ул Бирюлевская д.15,Москва,ул Бирюлевская д.15,ул,Бирюлевская ,д.15,7558202,муниципальный округ Бирюлево Восточное,1994
2281084,г Москва ул Бирюлевская д.16,Москва,ул Бирюлевская д.16,ул,Бирюлевская ,д.16,7589885,муниципальный округ Бирюлево Восточное,1972
2281084,г Москва ул Бирюлевская д.18 кор.1,Москва,ул Бирюлевская д.18 кор.1,ул,Бирюлевская ,д.18 кор.1,7589886,муниципальный округ Бирюлево Восточное,1972
2281084,г Москва ул Бирюлевская д.18 кор.2,Москва,ул Бирюлевская д.18 кор.2,ул,Бирюлевская ,д.18 кор.2,7663252,муниципальный округ Бирюлево Восточное,1974
2281084,г Москва ул Бирюлевская д.19,Москва,ул Бирюлевская д.19,ул,Бирюлевская ,д.19,7589889,муниципальный округ Бирюлево Восточное,1972
2281084,г Москва ул Бирюлевская д.2,Москва,ул Бирюлевская д.2,ул,Бирюлевская ,д.2,7589892,муниципальный округ Бирюлево Восточное,1972
2281084,г Москва ул Бирюлевская д.21 кор.1,Москва,ул Бирюлевская д.21 кор.1,ул,Бирюлевская ,д.21 кор.1,7589893,муниципальный округ Бирюлево Восточное,1972
2281084,г Москва ул Бирюлевская д.21 кор.2,Москва,ул Бирюлевская д.21 кор.2,ул,Бирюлевская ,д.21 кор.2,7589894,муниципальный округ Бирюлево Восточное,1971
2281084,г Москва ул Бирюлевская д.21 кор.3,Москва,ул Бирюлевская д.21 кор.3,ул,Бирюлевская ,д.21 кор.3,7589896,муниципальный округ Бирюлево Восточное,1971
2281084,г Москва ул Бирюлевская д.22,Москва,ул Бирюлевская д.22,ул,Бирюлевская ,д.22,7589897,муниципальный округ Бирюлево Восточное,1972
2281084,г Москва ул Бирюлевская д.24 кор.1,Москва,ул Бирюлевская д.24 кор.1,ул,Бирюлевская ,д.24 кор.1,7589900,муниципальный округ Бирюлево Восточное,1971
2281084,г Москва ул Бирюлевская д.24 кор.2,Москва,ул Бирюлевская д.24 кор.2,ул,Бирюлевская ,д.24 кор.2,7589902,муниципальный округ Бирюлево Восточное,1974
2281084,г Москва ул Бирюлевская д.26,Москва,ул Бирюлевская д.26,ул,Бирюлевская ,д.26,7589906,муниципальный округ Бирюлево Восточное,1971
2281084,г Москва ул Бирюлевская д.27,Москва,ул Бирюлевская д.27,ул,Бирюлевская ,д.27,7589909,муниципальный округ Бирюлево Восточное,1972
2281084,г Москва ул Бирюлевская д.29 кор.1,Москва,ул Бирюлевская д.29 кор.1,ул,Бирюлевская ,д.29 кор.1,7589911,муниципальный округ Бирюлево Восточное,1972
2281084,г Москва ул Бирюлевская д.29 кор.2,Москва,ул Бирюлевская д.29 кор.2,ул,Бирюлевская ,д.29 кор.2,7589913,муниципальный округ Бирюлево Восточное,1972
2281084,г Москва ул Бирюлевская д.3 кор.1,Москва,ул Бирюлевская д.3 кор.1,ул,Бирюлевская ,д.3 кор.1,7589939,муниципальный округ Бирюлево Восточное,1971
2281084,г Москва ул Бирюлевская д.3 кор.2,Москва,ул Бирюлевская д.3 кор.2,ул,Бирюлевская ,д.3 кор.2,7558332,муниципальный округ Бирюлево Восточное,1971
2281084,г Москва ул Бирюлевская д.3 кор.3,Москва,ул Бирюлевская д.3 кор.3,ул,Бирюлевская ,д.3 кор.3,7589947,муниципальный округ Бирюлево Восточное,1971
2281084,г Москва ул Бирюлевская д.30,Москва,ул Бирюлевская д.30,ул,Бирюлевская ,д.30,7589914,муниципальный округ Бирюлево Восточное,1971
2281084,г Москва ул Бирюлевская д.31 кор.1,Москва,ул Бирюлевская д.31 кор.1,ул,Бирюлевская ,д.31 кор.1,7589917,муниципальный округ Бирюлево Восточное,1971
2281084,г Москва ул Бирюлевская д.31 кор.2,Москва,ул Бирюлевская д.31 кор.2,ул,Бирюлевская ,д.31 кор.2,7589921,муниципальный округ Бирюлево Восточное,1971
2281084,г Москва ул Бирюлевская д.31 кор.3,Москва,ул Бирюлевская д.31 кор.3,ул,Бирюлевская ,д.31 кор.3,7589923,муниципальный округ Бирюлево Восточное,1979
2281084,г Москва ул Бирюлевская д.32,Москва,ул Бирюлевская д.32,ул,Бирюлевская ,д.32,7589925,муниципальный округ Бирюлево Восточное,1972
2281084,г Москва ул Бирюлевская д.37 кор.1,Москва,ул Бирюлевская д.37 кор.1,ул,Бирюлевская ,д.37 кор.1,7589929,муниципальный округ Бирюлево Восточное,1972
2281084,г Москва ул Бирюлевская д.37 кор.2,Москва,ул Бирюлевская д.37 кор.2,ул,Бирюлевская ,д.37 кор.2,7589931,муниципальный округ Бирюлево Восточное,1978
2281084,г Москва ул Бирюлевская д.37 кор.3,Москва,ул Бирюлевская д.37 кор.3,ул,Бирюлевская ,д.37 кор.3,7589936,муниципальный округ Бирюлево Восточное,1979
2281084,г Москва ул Бирюлевская д.39,Москва,ул Бирюлевская д.39,ул,Бирюлевская ,д.39,7589938,муниципальный округ Бирюлево Восточное,1976
2281084,г Москва ул Бирюлевская д.4,Москва,ул Бирюлевская д.4,ул,Бирюлевская ,д.4,7589948,муниципальный округ Бирюлево Восточное,1972
2281084,г Москва ул Бирюлевская д.41 строение 7,Москва,ул Бирюлевская д.41 строение 7,ул,Бирюлевская ,д.41 строение 7,7589949,муниципальный округ Бирюлево Восточное,1976
2281084,г Москва ул Бирюлевская д.44 строение 6,Москва,ул Бирюлевская д.44 строение 6,ул,Бирюлевская ,д.44 строение 6,7589951,муниципальный округ Бирюлево Восточное,1974
2281084,г Москва ул Бирюлевская д.45 кор.1,Москва,ул Бирюлевская д.45 кор.1,ул,Бирюлевская ,д.45 кор.1,7589952,муниципальный округ Бирюлево Восточное,1983
2281084,г Москва ул Бирюлевская д.46,Москва,ул Бирюлевская д.46,ул,Бирюлевская ,д.46,7589953,муниципальный округ Бирюлево Восточное,1974
2281084,г Москва ул Бирюлевская д.47 кор.1,Москва,ул Бирюлевская д.47 кор.1,ул,Бирюлевская ,д.47 кор.1,7589954,муниципальный округ Бирюлево Восточное,1983
2281084,г Москва ул Бирюлевская д.48 кор.1,Москва,ул Бирюлевская д.48 кор.1,ул,Бирюлевская ,д.48 кор.1,7589955,муниципальный округ Бирюлево Восточное,1973
2281084,г Москва ул Бирюлевская д.49 кор.1,Москва,ул Бирюлевская д.49 кор.1,ул,Бирюлевская ,д.49 кор.1,7589956,муниципальный округ Бирюлево Восточное,1983
2281084,г Москва ул Бирюлевская д.49 кор.2,Москва,ул Бирюлевская д.49 кор.2,ул,Бирюлевская ,д.49 кор.2,7589957,муниципальный округ Бирюлево Восточное,1983
2281084,г Москва ул Бирюлевская д.49 кор.3,Москва,ул Бирюлевская д.49 кор.3,ул,Бирюлевская ,д.49 кор.3,7589958,муниципальный округ Бирюлево Восточное,1983
2281084,г Москва ул Бирюлевская д.49 кор.4,Москва,ул Бирюлевская д.49 кор.4,ул,Бирюлевская ,д.49 кор.4,7589959,муниципальный округ Бирюлево Восточное,1983
2281084,г Москва ул Бирюлевская д.5 кор.1,Москва,ул Бирюлевская д.5 кор.1,ул,Бирюлевская ,д.5 кор.1,7589971,муниципальный округ Бирюлево Восточное,1971
2281084,г Москва ул Бирюлевская д.5 кор.2,Москва,ул Бирюлевская д.5 кор.2,ул,Бирюлевская ,д.5 кор.2,7589972,муниципальный округ Бирюлево Восточное,1971
2281084,г Москва ул Бирюлевская д.52 кор.1,Москва,ул Бирюлевская д.52 кор.1,ул,Бирюлевская ,д.52 кор.1,7589960,муниципальный округ Бирюлево Восточное,1973
2281084,г Москва ул Бирюлевская д.52 кор.2,Москва,ул Бирюлевская д.52 кор.2,ул,Бирюлевская ,д.52 кор.2,7589961,муниципальный округ Бирюлево Восточное,1973
2281084,г Москва ул Бирюлевская д.52 кор.3,Москва,ул Бирюлевская д.52 кор.3,ул,Бирюлевская ,д.52 кор.3,7589962,муниципальный округ Бирюлево Восточное,1977
2281084,г Москва ул Бирюлевская д.53 строение 1,Москва,ул Бирюлевская д.53 строение 1,ул,Бирюлевская ,д.53 строение 1,7589963,муниципальный округ Бирюлево Восточное,1983
2281084,г Москва ул Бирюлевская д.55 кор.1,Москва,ул Бирюлевская д.55 кор.1,ул,Бирюлевская ,д.55 кор.1,7589964,муниципальный округ Бирюлево Восточное,1983
2281084,г Москва ул Бирюлевская д.56,Москва,ул Бирюлевская д.56,ул,Бирюлевская ,д.56,7589966,муниципальный округ Бирюлево Восточное,1978
2281084,г Москва ул Бирюлевская д.58 кор.1,Москва,ул Бирюлевская д.58 кор.1,ул,Бирюлевская ,д.58 кор.1,7589967,муниципальный округ Бирюлево Восточное,1976
2281084,г Москва ул Бирюлевская д.58 кор.2,Москва,ул Бирюлевская д.58 кор.2,ул,Бирюлевская ,д.58 кор.2,7589969,муниципальный округ Бирюлево Восточное,1976
2281084,г Москва ул Бирюлевская д.58 кор.3,Москва,ул Бирюлевская д.58 кор.3,ул,Бирюлевская ,д.58 кор.3,7589970,муниципальный округ Бирюлево Восточное,1976
2281084,г Москва ул Бирюлевская д.6,Москва,ул Бирюлевская д.6,ул,Бирюлевская ,д.6,7589973,муниципальный округ Бирюлево Восточное,1972
2281084,г Москва ул Бирюлевская д.8,Москва,ул Бирюлевская д.8,ул,Бирюлевская ,д.8,7589974,муниципальный округ Бирюлево Восточное,1972
2281084,г Москва ул Донбасская д.4,Москва,ул Донбасская д.4,ул,Донбасская ,д.4,7589975,муниципальный округ Бирюлево Восточное,1972
2281084,г Москва ул Донбасская д.5,Москва,ул Донбасская д.5,ул,Донбасская ,д.5,7589976,муниципальный округ Бирюлево Восточное,1972
2281084,г Москва ул Донбасская д.6,Москва,ул Донбасская д.6,ул,Донбасская ,д.6,7589978,муниципальный округ Бирюлево Восточное,1973
2281084,г Москва ул Донбасская д.7,Москва,ул Донбасская д.7,ул,Донбасская ,д.7,7589981,муниципальный округ Бирюлево Восточное,1972
2281084,г Москва ул Загорьевская д.10 кор.1,Москва,ул Загорьевская д.10 кор.1,ул,Загорьевская ,д.10 кор.1,7589987,муниципальный округ Бирюлево Восточное,1976
2281084,г Москва ул Загорьевская д.10 кор.2,Москва,ул Загорьевская д.10 кор.2,ул,Загорьевская ,д.10 кор.2,7589988,муниципальный округ Бирюлево Восточное,1976
2281084,г Москва ул Загорьевская д.12 кор.1,Москва,ул Загорьевская д.12 кор.1,ул,Загорьевская ,д.12 кор.1,7589990,муниципальный округ Бирюлево Восточное,1976
2281084,г Москва ул Загорьевская д.14 кор.1,Москва,ул Загорьевская д.14 кор.1,ул,Загорьевская ,д.14 кор.1,7589993,муниципальный округ Бирюлево Восточное,1976
2281084,г Москва ул Загорьевская д.15,Москва,ул Загорьевская д.15,ул,Загорьевская ,д.15,7558891,муниципальный округ Бирюлево Восточное,н.д.
2281084,г Москва ул Загорьевская д.16 кор.2,Москва,ул Загорьевская д.16 кор.2,ул,Загорьевская ,д.16 кор.2,7590018,муниципальный округ Бирюлево Восточное,1976
2281084,г Москва ул Загорьевская д.17,Москва,ул Загорьевская д.17,ул,Загорьевская ,д.17,7558892,муниципальный округ Бирюлево Восточное,2003
2281084,г Москва ул Загорьевская д.21 кор.1,Москва,ул Загорьевская д.21 кор.1,ул,Загорьевская ,д.21 кор.1,7558893,муниципальный округ Бирюлево Восточное,2002
2281084,г Москва ул Загорьевская д.23 кор.1,Москва,ул Загорьевская д.23 кор.1,ул,Загорьевская ,д.23 кор.1,7558888,муниципальный округ Бирюлево Восточное,2002
2281084,г Москва ул Загорьевская д.23 кор.2,Москва,ул Загорьевская д.23 кор.2,ул,Загорьевская ,д.23 кор.2,7590019,муниципальный округ Бирюлево Восточное,1983
2281084,г Москва ул Загорьевская д.25,Москва,ул Загорьевская д.25,ул,Загорьевская ,д.25,7012249,муниципальный округ Бирюлево Восточное,2004
2281084,г Москва ул Загорьевская д.29,Москва,ул Загорьевская д.29,ул,Загорьевская ,д.29,7012250,муниципальный округ Бирюлево Восточное,2004
2281084,г Москва ул Загорьевская д.3 кор.1,Москва,ул Загорьевская д.3 кор.1,ул,Загорьевская ,д.3 кор.1,7590021,муниципальный округ Бирюлево Восточное,1985
2281084,г Москва ул Загорьевская д.5,Москва,ул Загорьевская д.5,ул,Загорьевская ,д.5,7590023,муниципальный округ Бирюлево Восточное,1983
2281084,г Москва ул Касимовская д.1,Москва,ул Касимовская д.1,ул,Касимовская ,д.1,7590026,муниципальный округ Бирюлево Восточное,1972
2281084,г Москва ул Касимовская д.13,Москва,ул Касимовская д.13,ул,Касимовская ,д.13,7590027,муниципальный округ Бирюлево Восточное,1972
2281084,г Москва ул Касимовская д.15,Москва,ул Касимовская д.15,ул,Касимовская ,д.15,7590030,муниципальный округ Бирюлево Восточное,1972
2281084,г Москва ул Касимовская д.17,Москва,ул Касимовская д.17,ул,Касимовская ,д.17,7590032,муниципальный округ Бирюлево Восточное,1972
2281084,г Москва ул Касимовская д.19,Москва,ул Касимовская д.19,ул,Касимовская ,д.19,7590033,муниципальный округ Бирюлево Восточное,1972
2281084,г Москва ул Касимовская д.19 кор.2,Москва,ул Касимовская д.19 кор.2,ул,Касимовская ,д.19 кор.2,7590034,муниципальный округ Бирюлево Восточное,1961
2281084,г Москва ул Касимовская д.3,Москва,ул Касимовская д.3,ул,Касимовская ,д.3,7590043,муниципальный округ Бирюлево Восточное,1972
2281084,г Москва ул Касимовская д.31 кор.2,Москва,ул Касимовская д.31 кор.2,ул,Касимовская ,д.31 кор.2,7590046,муниципальный округ Бирюлево Восточное,1965
2281084,г Москва ул Касимовская д.33,Москва,ул Касимовская д.33,ул,Касимовская ,д.33,7590047,муниципальный округ Бирюлево Восточное,1958
2281084,г Москва ул Касимовская д.35,Москва,ул Касимовская д.35,ул,Касимовская ,д.35,7590048,муниципальный округ Бирюлево Восточное,1962
2281084,г Москва ул Касимовская д.37,Москва,ул Касимовская д.37,ул,Касимовская ,д.37,7590049,муниципальный округ Бирюлево Восточное,1958
2281084,г Москва ул Касимовская д.39 кор.1,Москва,ул Касимовская д.39 кор.1,ул,Касимовская ,д.39 кор.1,7590050,муниципальный округ Бирюлево Восточное,1963
2281084,г Москва ул Касимовская д.41,Москва,ул Касимовская д.41,ул,Касимовская ,д.41,7590051,муниципальный округ Бирюлево Восточное,1979
2281084,г Москва ул Касимовская д.5,Москва,ул Касимовская д.5,ул,Касимовская ,д.5,7590052,муниципальный округ Бирюлево Восточное,1972
2281084,г Москва ул Касимовская д.7 кор.1,Москва,ул Касимовская д.7 кор.1,ул,Касимовская ,д.7 кор.1,7590053,муниципальный округ Бирюлево Восточное,1971
2281084,г Москва ул Касимовская д.9,Москва,ул Касимовская д.9,ул,Касимовская ,д.9,7590054,муниципальный округ Бирюлево Восточное,1972
2281084,г Москва ул Лебедянская д.11,Москва,ул Лебедянская д.11,ул,Лебедянская ,д.11,7590055,муниципальный округ Бирюлево Восточное,1978
2281084,г Москва ул Лебедянская д.12 кор.1,Москва,ул Лебедянская д.12 кор.1,ул,Лебедянская ,д.12 кор.1,7590057,муниципальный округ Бирюлево Восточное,1983
2281084,г Москва ул Лебедянская д.13,Москва,ул Лебедянская д.13,ул,Лебедянская ,д.13,7590058,муниципальный округ Бирюлево Восточное,1983
2281084,г Москва ул Лебедянская д.14 кор.1,Москва,ул Лебедянская д.14 кор.1,ул,Лебедянская ,д.14 кор.1,7590061,муниципальный округ Бирюлево Восточное,1983
2281084,г Москва ул Лебедянская д.15 кор.1,Москва,ул Лебедянская д.15 кор.1,ул,Лебедянская ,д.15 кор.1,7590062,муниципальный округ Бирюлево Восточное,1980
2281084,г Москва ул Лебедянская д.15 кор.2,Москва,ул Лебедянская д.15 кор.2,ул,Лебедянская ,д.15 кор.2,7590063,муниципальный округ Бирюлево Восточное,1982
2281084,г Москва ул Лебедянская д.17 кор.1,Москва,ул Лебедянская д.17 кор.1,ул,Лебедянская ,д.17 кор.1,7590064,муниципальный округ Бирюлево Восточное,1983
2281084,г Москва ул Лебедянская д.17 кор.3,Москва,ул Лебедянская д.17 кор.3,ул,Лебедянская ,д.17 кор.3,7012248,муниципальный округ Бирюлево Восточное,2004
2281084,г Москва ул Лебедянская д.19,Москва,ул Лебедянская д.19,ул,Лебедянская ,д.19,7590066,муниципальный округ Бирюлево Восточное,1983
2281084,г Москва ул Лебедянская д.21,Москва,ул Лебедянская д.21,ул,Лебедянская ,д.21,7590067,муниципальный округ Бирюлево Восточное,1983
2281084,г Москва ул Лебедянская д.22 кор.1,Москва,ул Лебедянская д.22 кор.1,ул,Лебедянская ,д.22 кор.1,7590068,муниципальный округ Бирюлево Восточное,1984
2281084,г Москва ул Лебедянская д.23,Москва,ул Лебедянская д.23,ул,Лебедянская ,д.23,7590070,муниципальный округ Бирюлево Восточное,1983
2281084,г Москва ул Лебедянская д.24 кор.1,Москва,ул Лебедянская д.24 кор.1,ул,Лебедянская ,д.24 кор.1,7590071,муниципальный округ Бирюлево Восточное,1983
2281084,г Москва ул Лебедянская д.28 кор.1,Москва,ул Лебедянская д.28 кор.1,ул,Лебедянская ,д.28 кор.1,7590072,муниципальный округ Бирюлево Восточное,1983
2281084,г Москва ул Лебедянская д.30,Москва,ул Лебедянская д.30,ул,Лебедянская ,д.30,7590073,муниципальный округ Бирюлево Восточное,1983
2281084,г Москва ул Лебедянская д.32,Москва,ул Лебедянская д.32,ул,Лебедянская ,д.32,7558894,муниципальный округ Бирюлево Восточное,2002
2281084,г Москва ул Лебедянская д.36 кор.1,Москва,ул Лебедянская д.36 кор.1,ул,Лебедянская ,д.36 кор.1,7558890,муниципальный округ Бирюлево Восточное,2003
2281084,г Москва ул Лебедянская д.38,Москва,ул Лебедянская д.38,ул,Лебедянская ,д.38,7558889,муниципальный округ Бирюлево Восточное,2004
2281084,г Москва ул Лебедянская д.4,Москва,ул Лебедянская д.4,ул,Лебедянская ,д.4,7590074,муниципальный округ Бирюлево Восточное,1974
2281084,г Москва ул Липецкая д.10 кор.1,Москва,ул Липецкая д.10 кор.1,ул,Липецкая ,д.10 кор.1,7590075,муниципальный округ Бирюлево Восточное,1976
2281084,г Москва ул Липецкая д.10 кор.2,Москва,ул Липецкая д.10 кор.2,ул,Липецкая ,д.10 кор.2,7590076,муниципальный округ Бирюлево Восточное,1977
2281084,г Москва ул Липецкая д.11 кор.1,Москва,ул Липецкая д.11 кор.1,ул,Липецкая ,д.11 кор.1,7590078,муниципальный округ Бирюлево Восточное,1983
2281084,г Москва ул Липецкая д.12 кор.1,Москва,ул Липецкая д.12 кор.1,ул,Липецкая ,д.12 кор.1,7590080,муниципальный округ Бирюлево Восточное,1971
2281084,г Москва ул Липецкая д.12 кор.2,Москва,ул Липецкая д.12 кор.2,ул,Липецкая ,д.12 кор.2,7590081,муниципальный округ Бирюлево Восточное,1971
2281084,г Москва ул Липецкая д.13,Москва,ул Липецкая д.13,ул,Липецкая ,д.13,7590082,муниципальный округ Бирюлево Восточное,1983
2281084,г Москва ул Липецкая д.14 кор.1,Москва,ул Липецкая д.14 кор.1,ул,Липецкая ,д.14 кор.1,7590083,муниципальный округ Бирюлево Восточное,1972
2281084,г Москва ул Липецкая д.15 кор.1,Москва,ул Липецкая д.15 кор.1,ул,Липецкая ,д.15 кор.1,7590084,муниципальный округ Бирюлево Восточное,1983
2281084,г Москва ул Липецкая д.16 строение 14,Москва,ул Липецкая д.16 строение 14,ул,Липецкая ,д.16 строение 14,7590086,муниципальный округ Бирюлево Восточное,1977
2281084,г Москва ул Липецкая д.17 кор.1,Москва,ул Липецкая д.17 кор.1,ул,Липецкая ,д.17 кор.1,7590088,муниципальный округ Бирюлево Восточное,1983
2281084,г Москва ул Липецкая д.18,Москва,ул Липецкая д.18,ул,Липецкая ,д.18,7590089,муниципальный округ Бирюлево Восточное,1976
2281084,г Москва ул Липецкая д.2 строение 16,Москва,ул Липецкая д.2 строение 16,ул,Липецкая ,д.2 строение 16,7590091,муниципальный округ Бирюлево Восточное,1976
2281084,г Москва ул Липецкая д.20,Москва,ул Липецкая д.20,ул,Липецкая ,д.20,7590090,муниципальный округ Бирюлево Восточное,1973
2281084,г Москва ул Липецкая д.22 кор.1,Москва,ул Липецкая д.22 кор.1,ул,Липецкая ,д.22 кор.1,7590092,муниципальный округ Бирюлево Восточное,1976
2281084,г Москва ул Липецкая д.22 кор.2,Москва,ул Липецкая д.22 кор.2,ул,Липецкая ,д.22 кор.2,7590097,муниципальный округ Бирюлево Восточное,1978
2281084,г Москва ул Липецкая д.24 кор.1,Москва,ул Липецкая д.24 кор.1,ул,Липецкая ,д.24 кор.1,7590098,муниципальный округ Бирюлево Восточное,1972
2281084,г Москва ул Липецкая д.24 кор.2,Москва,ул Липецкая д.24 кор.2,ул,Липецкая ,д.24 кор.2,7590099,муниципальный округ Бирюлево Восточное,1972
2281084,г Москва ул Липецкая д.26,Москва,ул Липецкая д.26,ул,Липецкая ,д.26,7558887,муниципальный округ Бирюлево Восточное,1972
2281084,г Москва ул Липецкая д.28,Москва,ул Липецкая д.28,ул,Липецкая ,д.28,7590100,муниципальный округ Бирюлево Восточное,1977
2281084,г Москва ул Липецкая д.30,Москва,ул Липецкая д.30,ул,Липецкая ,д.30,7590101,муниципальный округ Бирюлево Восточное,1977
2281084,г Москва ул Липецкая д.34/25,Москва,ул Липецкая д.34/25,ул,Липецкая ,д.34/25,7558649,муниципальный округ Бирюлево Восточное,1938
2281084,г Москва ул Липецкая д.36 строение 20,Москва,ул Липецкая д.36 строение 20,ул,Липецкая ,д.36 строение 20,7590102,муниципальный округ Бирюлево Восточное,1983
2281084,г Москва ул Липецкая д.4 кор.1,Москва,ул Липецкая д.4 кор.1,ул,Липецкая ,д.4 кор.1,7590105,муниципальный округ Бирюлево Восточное,1977
2281084,г Москва ул Липецкая д.40,Москва,ул Липецкая д.40,ул,Липецкая ,д.40,7590103,муниципальный округ Бирюлево Восточное,1983
2281084,г Москва ул Липецкая д.46 кор.1,Москва,ул Липецкая д.46 кор.1,ул,Липецкая ,д.46 кор.1,7590104,муниципальный округ Бирюлево Восточное,1983
2281084,г Москва ул Липецкая д.48,Москва,ул Липецкая д.48,ул,Липецкая ,д.48,7577677,муниципальный округ Бирюлево Восточное,2011
2281084,г Москва ул Липецкая д.50,Москва,ул Липецкая д.50,ул,Липецкая ,д.50,7590107,муниципальный округ Бирюлево Восточное,1977
2281084,г Москва ул Липецкая д.52,Москва,ул Липецкая д.52,ул,Липецкая ,д.52,7590108,муниципальный округ Бирюлево Восточное,1977
2281084,г Москва ул Липецкая д.54 строение 21,Москва,ул Липецкая д.54 строение 21,ул,Липецкая ,д.54 строение 21,7590110,муниципальный округ Бирюлево Восточное,1977
2281084,г Москва ул Липецкая д.6 кор.1,Москва,ул Липецкая д.6 кор.1,ул,Липецкая ,д.6 кор.1,7590111,муниципальный округ Бирюлево Восточное,1971
2281084,г Москва ул Липецкая д.6 кор.2,Москва,ул Липецкая д.6 кор.2,ул,Липецкая ,д.6 кор.2,7590112,муниципальный округ Бирюлево Восточное,1971
2281084,г Москва ул Липецкая д.7 кор.1,Москва,ул Липецкая д.7 кор.1,ул,Липецкая ,д.7 кор.1,7590114,муниципальный округ Бирюлево Восточное,1983
2281084,г Москва ул Липецкая д.8,Москва,ул Липецкая д.8,ул,Липецкая ,д.8,7590116,муниципальный округ Бирюлево Восточное,1973
2281084,г Москва ул Михневская д.11 кор.1,Москва,ул Михневская д.11 кор.1,ул,Михневская ,д.11 кор.1,7590118,муниципальный округ Бирюлево Восточное,1974
2281084,г Москва ул Михневская д.13 кор.1,Москва,ул Михневская д.13 кор.1,ул,Михневская ,д.13 кор.1,7590120,муниципальный округ Бирюлево Восточное,1974
2281084,г Москва ул Михневская д.15,Москва,ул Михневская д.15,ул,Михневская ,д.15,7590122,муниципальный округ Бирюлево Восточное,1974
2281084,г Москва ул Михневская д.17,Москва,ул Михневская д.17,ул,Михневская ,д.17,7590123,муниципальный округ Бирюлево Восточное,1973
2281084,г Москва ул Михневская д.19 кор.1,Москва,ул Михневская д.19 кор.1,ул,Михневская ,д.19 кор.1,7590124,муниципальный округ Бирюлево Восточное,1973
2281084,г Москва ул Михневская д.19 кор.2,Москва,ул Михневская д.19 кор.2,ул,Михневская ,д.19 кор.2,7590125,муниципальный округ Бирюлево Восточное,1973
2281084,г Москва ул Михневская д.5 кор.2,Москва,ул Михневская д.5 кор.2,ул,Михневская ,д.5 кор.2,7590126,муниципальный округ Бирюлево Восточное,1975
2281084,г Москва ул Михневская д.7 кор.1,Москва,ул Михневская д.7 кор.1,ул,Михневская ,д.7 кор.1,7590127,муниципальный округ Бирюлево Восточное,1975
2281084,г Москва ул Михневская д.9 кор.1,Москва,ул Михневская д.9 кор.1,ул,Михневская ,д.9 кор.1,7590128,муниципальный округ Бирюлево Восточное,1973
2281084,г Москва ул Педагогическая д.10,Москва,ул Педагогическая д.10,ул,Педагогическая ,д.10,7590129,муниципальный округ Бирюлево Восточное,1972
2281084,г Москва ул Педагогическая д.4,Москва,ул Педагогическая д.4,ул,Педагогическая ,д.4,7590130,муниципальный округ Бирюлево Восточное,1971
2281084,г Москва ул Педагогическая д.6,Москва,ул Педагогическая д.6,ул,Педагогическая ,д.6,7590131,муниципальный округ Бирюлево Восточное,1972
2281084,г Москва ул Педагогическая д.8,Москва,ул Педагогическая д.8,ул,Педагогическая ,д.8,7590133,муниципальный округ Бирюлево Восточное,1972
2281084,г Москва ул Радиальная 6-я д.5 кор.1,Москва,ул Радиальная 6-я д.5 кор.1,ул,Радиальная 6-я ,д.5 кор.1,8353188,муниципальный округ Бирюлево Восточное,2013
2281084,г Москва ул Радиальная 6-я д.5 кор.2,Москва,ул Радиальная 6-я д.5 кор.2,ул,Радиальная 6-я ,д.5 кор.2,8206498,муниципальный округ Бирюлево Восточное,2012
2281084,г Москва ул Радиальная 6-я д.5 кор.3,Москва,ул Радиальная 6-я д.5 кор.3,ул,Радиальная 6-я ,д.5 кор.3,8353350,муниципальный округ Бирюлево Восточное,2012
2281084,г Москва ул Радиальная 6-я д.5 кор.4,Москва,ул Радиальная 6-я д.5 кор.4,ул,Радиальная 6-я ,д.5 кор.4,8353450,муниципальный округ Бирюлево Восточное,2013
2281084,г Москва ул Элеваторная д.10 кор.1,Москва,ул Элеваторная д.10 кор.1,ул,Элеваторная ,д.10 кор.1,7590135,муниципальный округ Бирюлево Восточное,1993
2281084,г Москва ул Элеваторная д.14,Москва,ул Элеваторная д.14,ул,Элеваторная ,д.14,7590136,муниципальный округ Бирюлево Восточное,1977
2281084,г Москва ул Элеваторная д.4,Москва,ул Элеваторная д.4,ул,Элеваторная ,д.4,7590137,муниципальный округ Бирюлево Восточное,1972
2281084,г Москва ул Элеваторная д.6 кор.1,Москва,ул Элеваторная д.6 кор.1,ул,Элеваторная ,д.6 кор.1,7590138,муниципальный округ Бирюлево Восточное,1971
2281084,г Москва ул Элеваторная д.6 кор.2,Москва,ул Элеваторная д.6 кор.2,ул,Элеваторная ,д.6 кор.2,7631298,муниципальный округ Бирюлево Восточное,1972
2281084,г Москва ул Элеваторная д.6 кор.3,Москва,ул Элеваторная д.6 кор.3,ул,Элеваторная ,д.6 кор.3,7630405,муниципальный округ Бирюлево Восточное,1972
2281084,г Москва ул Элеваторная д.8 кор.1,Москва,ул Элеваторная д.8 кор.1,ул,Элеваторная ,д.8 кор.1,7590139,муниципальный округ Бирюлево Восточное,1971
2281084,г Москва ул Элеваторная д.8 кор.3,Москва,ул Элеваторная д.8 кор.3,ул,Элеваторная ,д.8 кор.3,7590140,муниципальный округ Бирюлево Восточное,1962
2281084,г Москва ул Элеваторная д.8 кор.4,Москва,ул Элеваторная д.8 кор.4,ул,Элеваторная ,д.8 кор.4,7590141,муниципальный округ Бирюлево Восточное,1967
2281084,г Москва ул Ягодная д.4,Москва,ул Ягодная д.4,ул,Ягодная ,д.4,7982551,муниципальный округ Бирюлево Восточное,2012
2281084,г Москва ул Ягодная д.6,Москва,ул Ягодная д.6,ул,Ягодная ,д.6,7982555,муниципальный округ Бирюлево Восточное,2012
2281084,г Москва ул Ягодная д.8 кор.1,Москва,ул Ягодная д.8 кор.1,ул,Ягодная ,д.8 кор.1,7982531,муниципальный округ Бирюлево Восточное,2011
2281084,г Москва ул Ягодная д.8 кор.2,Москва,ул Ягодная д.8 кор.2,ул,Ягодная ,д.8 кор.2,7982540,муниципальный округ Бирюлево Восточное,2011
2281084,г Москва ул Ягодная д.8 кор.3,Москва,ул Ягодная д.8 кор.3,ул,Ягодная ,д.8 кор.3,7982545,муниципальный округ Бирюлево Восточное,2011
2281085,г Москва проезд Булатниковский д.10 кор.1,Москва,проезд Булатниковский д.10 кор.1,проезд,Булатниковский ,д.10 кор.1,7821603,муниципальный округ Бирюлево Западное,1973
2281085,г Москва проезд Булатниковский д.10 кор.2,Москва,проезд Булатниковский д.10 кор.2,проезд,Булатниковский ,д.10 кор.2,7821611,муниципальный округ Бирюлево Западное,1973
2281085,г Москва проезд Булатниковский д.10 кор.3,Москва,проезд Булатниковский д.10 кор.3,проезд,Булатниковский ,д.10 кор.3,7821623,муниципальный округ Бирюлево Западное,1973
2281085,г Москва проезд Булатниковский д.10 кор.4,Москва,проезд Булатниковский д.10 кор.4,проезд,Булатниковский ,д.10 кор.4,7821633,муниципальный округ Бирюлево Западное,1973
2281085,г Москва проезд Булатниковский д.14 кор.1,Москва,проезд Булатниковский д.14 кор.1,проезд,Булатниковский ,д.14 кор.1,7821641,муниципальный округ Бирюлево Западное,1974
2281085,г Москва проезд Булатниковский д.14 кор.2,Москва,проезд Булатниковский д.14 кор.2,проезд,Булатниковский ,д.14 кор.2,7821649,муниципальный округ Бирюлево Западное,1975
2281085,г Москва проезд Булатниковский д.14 кор.3,Москва,проезд Булатниковский д.14 кор.3,проезд,Булатниковский ,д.14 кор.3,7821659,муниципальный округ Бирюлево Западное,1974
2281085,г Москва проезд Булатниковский д.14 кор.4,Москва,проезд Булатниковский д.14 кор.4,проезд,Булатниковский ,д.14 кор.4,7821665,муниципальный округ Бирюлево Западное,1974
2281085,г Москва проезд Булатниковский д.14 кор.6,Москва,проезд Булатниковский д.14 кор.6,проезд,Булатниковский ,д.14 кор.6,7821693,муниципальный округ Бирюлево Западное,1984
2281085,г Москва проезд Булатниковский д.16 кор.1,Москва,проезд Булатниковский д.16 кор.1,проезд,Булатниковский ,д.16 кор.1,7821703,муниципальный округ Бирюлево Западное,1980
2281085,г Москва проезд Булатниковский д.2В кор.1,Москва,проезд Булатниковский д.2В кор.1,проезд,Булатниковский ,д.2В кор.1,7821453,муниципальный округ Бирюлево Западное,1963
2281085,г Москва проезд Булатниковский д.2В кор.2,Москва,проезд Булатниковский д.2В кор.2,проезд,Булатниковский ,д.2В кор.2,7821466,муниципальный округ Бирюлево Западное,1965
2281085,г Москва проезд Булатниковский д.2В кор.3,Москва,проезд Булатниковский д.2В кор.3,проезд,Булатниковский ,д.2В кор.3,7821492,муниципальный округ Бирюлево Западное,1964
2281085,г Москва проезд Булатниковский д.2В кор.4,Москва,проезд Булатниковский д.2В кор.4,проезд,Булатниковский ,д.2В кор.4,7821504,муниципальный округ Бирюлево Западное,1964
2281085,г Москва проезд Булатниковский д.2В кор.5,Москва,проезд Булатниковский д.2В кор.5,проезд,Булатниковский ,д.2В кор.5,7821516,муниципальный округ Бирюлево Западное,1966
2281085,г Москва проезд Булатниковский д.2В кор.6,Москва,проезд Булатниковский д.2В кор.6,проезд,Булатниковский ,д.2В кор.6,7821530,муниципальный округ Бирюлево Западное,1965
2281085,г Москва проезд Булатниковский д.6 кор.1,Москва,проезд Булатниковский д.6 кор.1,проезд,Булатниковский ,д.6 кор.1,7821541,муниципальный округ Бирюлево Западное,1974
2281085,г Москва проезд Булатниковский д.6 кор.2,Москва,проезд Булатниковский д.6 кор.2,проезд,Булатниковский ,д.6 кор.2,7821565,муниципальный округ Бирюлево Западное,1973
2281085,г Москва проезд Булатниковский д.6 кор.3,Москва,проезд Булатниковский д.6 кор.3,проезд,Булатниковский ,д.6 кор.3,7821579,муниципальный округ Бирюлево Западное,1982
2281085,г Москва проезд Булатниковский д.6 кор.4,Москва,проезд Булатниковский д.6 кор.4,проезд,Булатниковский ,д.6 кор.4,7821592,муниципальный округ Бирюлево Западное,1957
2281085,г Москва проезд Востряковский д.1 кор.1,Москва,проезд Востряковский д.1 кор.1,проезд,Востряковский ,д.1 кор.1,7822045,муниципальный округ Бирюлево Западное,1973
2281085,г Москва проезд Востряковский д.1 кор.2,Москва,проезд Востряковский д.1 кор.2,проезд,Востряковский ,д.1 кор.2,7822120,муниципальный округ Бирюлево Западное,1973
2281085,г Москва проезд Востряковский д.11 кор.1,Москва,проезд Востряковский д.11 кор.1,проезд,Востряковский ,д.11 кор.1,7822214,муниципальный округ Бирюлево Западное,1973
2281085,г Москва проезд Востряковский д.11 кор.2,Москва,проезд Востряковский д.11 кор.2,проезд,Востряковский ,д.11 кор.2,7822222,муниципальный округ Бирюлево Западное,1974
2281085,г Москва проезд Востряковский д.13 кор.1,Москва,проезд Востряковский д.13 кор.1,проезд,Востряковский ,д.13 кор.1,7822232,муниципальный округ Бирюлево Западное,1974
2281085,г Москва проезд Востряковский д.13 кор.2,Москва,проезд Востряковский д.13 кор.2,проезд,Востряковский ,д.13 кор.2,7822238,муниципальный округ Бирюлево Западное,1976
2281085,г Москва проезд Востряковский д.15 кор.1,Москва,проезд Востряковский д.15 кор.1,проезд,Востряковский ,д.15 кор.1,7822244,муниципальный округ Бирюлево Западное,1988
2281085,г Москва проезд Востряковский д.15 кор.2,Москва,проезд Востряковский д.15 кор.2,проезд,Востряковский ,д.15 кор.2,7822261,муниципальный округ Бирюлево Западное,1985
2281085,г Москва проезд Востряковский д.15 кор.3,Москва,проезд Востряковский д.15 кор.3,проезд,Востряковский ,д.15 кор.3,7822272,муниципальный округ Бирюлево Западное,1977
2281085,г Москва проезд Востряковский д.15 кор.4,Москва,проезд Востряковский д.15 кор.4,проезд,Востряковский ,д.15 кор.4,7822284,муниципальный округ Бирюлево Западное,1974
2281085,г Москва проезд Востряковский д.15 кор.5,Москва,проезд Востряковский д.15 кор.5,проезд,Востряковский ,д.15 кор.5,7822290,муниципальный округ Бирюлево Западное,1984
2281085,г Москва проезд Востряковский д.17 кор.1,Москва,проезд Востряковский д.17 кор.1,проезд,Востряковский ,д.17 кор.1,7822294,муниципальный округ Бирюлево Западное,1974
2281085,г Москва проезд Востряковский д.17 кор.2,Москва,проезд Востряковский д.17 кор.2,проезд,Востряковский ,д.17 кор.2,7822311,муниципальный округ Бирюлево Западное,1987
2281085,г Москва проезд Востряковский д.17 кор.3,Москва,проезд Востряковский д.17 кор.3,проезд,Востряковский ,д.17 кор.3,7822321,муниципальный округ Бирюлево Западное,1986
2281085,г Москва проезд Востряковский д.17 кор.4,Москва,проезд Востряковский д.17 кор.4,проезд,Востряковский ,д.17 кор.4,7822325,муниципальный округ Бирюлево Западное,1975
2281085,г Москва проезд Востряковский д.21 кор.1,Москва,проезд Востряковский д.21 кор.1,проезд,Востряковский ,д.21 кор.1,7822333,муниципальный округ Бирюлево Западное,1973
2281085,г Москва проезд Востряковский д.21 кор.2,Москва,проезд Востряковский д.21 кор.2,проезд,Востряковский ,д.21 кор.2,7822343,муниципальный округ Бирюлево Западное,1973
2281085,г Москва проезд Востряковский д.21 кор.3,Москва,проезд Востряковский д.21 кор.3,проезд,Востряковский ,д.21 кор.3,7822354,муниципальный округ Бирюлево Западное,1973
2281085,г Москва проезд Востряковский д.21 кор.4,Москва,проезд Востряковский д.21 кор.4,проезд,Востряковский ,д.21 кор.4,7822364,муниципальный округ Бирюлево Западное,1984
2281085,г Москва проезд Востряковский д.23 кор.3,Москва,проезд Востряковский д.23 кор.3,проезд,Востряковский ,д.23 кор.3,7822371,муниципальный округ Бирюлево Западное,1973
2281085,г Москва проезд Востряковский д.25 кор.1,Москва,проезд Востряковский д.25 кор.1,проезд,Востряковский ,д.25 кор.1,7822377,муниципальный округ Бирюлево Западное,1973
2281085,г Москва проезд Востряковский д.25 кор.2,Москва,проезд Востряковский д.25 кор.2,проезд,Востряковский ,д.25 кор.2,7822385,муниципальный округ Бирюлево Западное,1973
2281085,г Москва проезд Востряковский д.3 кор.1,Москва,проезд Востряковский д.3 кор.1,проезд,Востряковский ,д.3 кор.1,7822131,муниципальный округ Бирюлево Западное,1973
2281085,г Москва проезд Востряковский д.5 кор.1,Москва,проезд Востряковский д.5 кор.1,проезд,Востряковский ,д.5 кор.1,7822140,муниципальный округ Бирюлево Западное,1973
2281085,г Москва проезд Востряковский д.5 кор.2,Москва,проезд Востряковский д.5 кор.2,проезд,Востряковский ,д.5 кор.2,7822145,муниципальный округ Бирюлево Западное,1973
2281085,г Москва проезд Востряковский д.5 кор.3,Москва,проезд Востряковский д.5 кор.3,проезд,Востряковский ,д.5 кор.3,7822159,муниципальный округ Бирюлево Западное,2001
2281085,г Москва проезд Востряковский д.7 кор.1,Москва,проезд Востряковский д.7 кор.1,проезд,Востряковский ,д.7 кор.1,7822167,муниципальный округ Бирюлево Западное,1973
2281085,г Москва проезд Востряковский д.7 кор.2,Москва,проезд Востряковский д.7 кор.2,проезд,Востряковский ,д.7 кор.2,7822191,муниципальный округ Бирюлево Западное,1973
2281085,г Москва проезд Востряковский д.9 кор.1,Москва,проезд Востряковский д.9 кор.1,проезд,Востряковский ,д.9 кор.1,7822202,муниципальный округ Бирюлево Западное,1973
2281085,г Москва проезд Харьковский д.1 кор.1,Москва,проезд Харьковский д.1 кор.1,проезд,Харьковский ,д.1 кор.1,7822678,муниципальный округ Бирюлево Западное,1974
2281085,г Москва проезд Харьковский д.1 кор.2,Москва,проезд Харьковский д.1 кор.2,проезд,Харьковский ,д.1 кор.2,7822682,муниципальный округ Бирюлево Западное,1975
2281085,г Москва проезд Харьковский д.1 кор.3,Москва,проезд Харьковский д.1 кор.3,проезд,Харьковский ,д.1 кор.3,7822688,муниципальный округ Бирюлево Западное,1976
2281085,г Москва проезд Харьковский д.11 кор.2,Москва,проезд Харьковский д.11 кор.2,проезд,Харьковский ,д.11 кор.2,7787515,муниципальный округ Бирюлево Западное,1974
2281085,г Москва проезд Харьковский д.11 кор.3,Москва,проезд Харьковский д.11 кор.3,проезд,Харьковский ,д.11 кор.3,7822765,муниципальный округ Бирюлево Западное,1975
2281085,г Москва проезд Харьковский д.11 кор.4,Москва,проезд Харьковский д.11 кор.4,проезд,Харьковский ,д.11 кор.4,7822770,муниципальный округ Бирюлево Западное,1992
2281085,г Москва проезд Харьковский д.1В кор.1,Москва,проезд Харьковский д.1В кор.1,проезд,Харьковский ,д.1В кор.1,7822698,муниципальный округ Бирюлево Западное,1966
2281085,г Москва проезд Харьковский д.1В кор.4,Москва,проезд Харьковский д.1В кор.4,проезд,Харьковский ,д.1В кор.4,7822702,муниципальный округ Бирюлево Западное,1963
2281085,г Москва проезд Харьковский д.5 кор.1,Москва,проезд Харьковский д.5 кор.1,проезд,Харьковский ,д.5 кор.1,7822708,муниципальный округ Бирюлево Западное,1976
2281085,г Москва проезд Харьковский д.5А кор.2,Москва,проезд Харьковский д.5А кор.2,проезд,Харьковский ,д.5А кор.2,7822717,муниципальный округ Бирюлево Западное,1984
2281085,г Москва проезд Харьковский д.7 кор.1,Москва,проезд Харьковский д.7 кор.1,проезд,Харьковский ,д.7 кор.1,8034193,муниципальный округ Бирюлево Западное,н.д.
2281085,г Москва проезд Харьковский д.7 кор.1А,Москва,проезд Харьковский д.7 кор.1А,проезд,Харьковский ,д.7 кор.1А,7822726,муниципальный округ Бирюлево Западное,1980
2281085,г Москва проезд Харьковский д.7 кор.2,Москва,проезд Харьковский д.7 кор.2,проезд,Харьковский ,д.7 кор.2,8034197,муниципальный округ Бирюлево Западное,н.д.
2281085,г Москва проезд Харьковский д.7 кор.3,Москва,проезд Харьковский д.7 кор.3,проезд,Харьковский ,д.7 кор.3,7822736,муниципальный округ Бирюлево Западное,2000
2281085,г Москва проезд Харьковский д.9 кор.1,Москва,проезд Харьковский д.9 кор.1,проезд,Харьковский ,д.9 кор.1,7822741,муниципальный округ Бирюлево Западное,1997
2281085,г Москва проезд Харьковский д.9 кор.2,Москва,проезд Харьковский д.9 кор.2,проезд,Харьковский ,д.9 кор.2,7822749,муниципальный округ Бирюлево Западное,2000
2281085,г Москва проезд Харьковский д.9 кор.3,Москва,проезд Харьковский д.9 кор.3,проезд,Харьковский ,д.9 кор.3,7822754,муниципальный округ Бирюлево Западное,2000
2281085,г Москва ул Булатниковская д.1 кор.1,Москва,ул Булатниковская д.1 кор.1,ул,Булатниковская ,д.1 кор.1,7821142,муниципальный округ Бирюлево Западное,1963
2281085,г Москва ул Булатниковская д.1 кор.1А,Москва,ул Булатниковская д.1 кор.1А,ул,Булатниковская ,д.1 кор.1А,7821162,муниципальный округ Бирюлево Западное,1978
2281085,г Москва ул Булатниковская д.1 кор.2,Москва,ул Булатниковская д.1 кор.2,ул,Булатниковская ,д.1 кор.2,7821183,муниципальный округ Бирюлево Западное,1971
2281085,г Москва ул Булатниковская д.1 кор.3,Москва,ул Булатниковская д.1 кор.3,ул,Булатниковская ,д.1 кор.3,7821205,муниципальный округ Бирюлево Западное,1961
2281085,г Москва ул Булатниковская д.1 кор.4,Москва,ул Булатниковская д.1 кор.4,ул,Булатниковская ,д.1 кор.4,7821217,муниципальный округ Бирюлево Западное,1963
2281085,г Москва ул Булатниковская д.1 кор.5,Москва,ул Булатниковская д.1 кор.5,ул,Булатниковская ,д.1 кор.5,7821229,муниципальный округ Бирюлево Западное,1963
2281085,г Москва ул Булатниковская д.1 кор.6,Москва,ул Булатниковская д.1 кор.6,ул,Булатниковская ,д.1 кор.6,7821250,муниципальный округ Бирюлево Западное,1963
2281085,г Москва ул Булатниковская д.11 кор.1,Москва,ул Булатниковская д.11 кор.1,ул,Булатниковская ,д.11 кор.1,7821443,муниципальный округ Бирюлево Западное,1974
2281085,г Москва ул Булатниковская д.2,Москва,ул Булатниковская д.2,ул,Булатниковская ,д.2,7558604,муниципальный округ Бирюлево Западное,1984
2281085,г Москва ул Булатниковская д.3 кор.1,Москва,ул Булатниковская д.3 кор.1,ул,Булатниковская ,д.3 кор.1,7821264,муниципальный округ Бирюлево Западное,1973
2281085,г Москва ул Булатниковская д.3 кор.2,Москва,ул Булатниковская д.3 кор.2,ул,Булатниковская ,д.3 кор.2,7821280,муниципальный округ Бирюлево Западное,1974
2281085,г Москва ул Булатниковская д.4 кор.1,Москва,ул Булатниковская д.4 кор.1,ул,Булатниковская ,д.4 кор.1,7821298,муниципальный округ Бирюлево Западное,1973
2281085,г Москва ул Булатниковская д.4 кор.2,Москва,ул Булатниковская д.4 кор.2,ул,Булатниковская ,д.4 кор.2,7821317,муниципальный округ Бирюлево Западное,1974
2281085,г Москва ул Булатниковская д.5 кор.1,Москва,ул Булатниковская д.5 кор.1,ул,Булатниковская ,д.5 кор.1,7821328,муниципальный округ Бирюлево Западное,1973
2281085,г Москва ул Булатниковская д.5 кор.2,Москва,ул Булатниковская д.5 кор.2,ул,Булатниковская ,д.5 кор.2,7821341,муниципальный округ Бирюлево Западное,1973
2281085,г Москва ул Булатниковская д.5 кор.3,Москва,ул Булатниковская д.5 кор.3,ул,Булатниковская ,д.5 кор.3,7825880,муниципальный округ Бирюлево Западное,1973
2281085,г Москва ул Булатниковская д.5 кор.4,Москва,ул Булатниковская д.5 кор.4,ул,Булатниковская ,д.5 кор.4,7821359,муниципальный округ Бирюлево Западное,1973
2281085,г Москва ул Булатниковская д.5 кор.5,Москва,ул Булатниковская д.5 кор.5,ул,Булатниковская ,д.5 кор.5,7821373,муниципальный округ Бирюлево Западное,1973
2281085,г Москва ул Булатниковская д.5 кор.6,Москва,ул Булатниковская д.5 кор.6,ул,Булатниковская ,д.5 кор.6,7821383,муниципальный округ Бирюлево Западное,1974
2281085,г Москва ул Булатниковская д.6,Москва,ул Булатниковская д.6,ул,Булатниковская ,д.6,7821393,муниципальный округ Бирюлево Западное,1981
2281085,г Москва ул Булатниковская д.7 кор.1,Москва,ул Булатниковская д.7 кор.1,ул,Булатниковская ,д.7 кор.1,7821402,муниципальный округ Бирюлево Западное,1974
2281085,г Москва ул Булатниковская д.7 кор.2,Москва,ул Булатниковская д.7 кор.2,ул,Булатниковская ,д.7 кор.2,7821410,муниципальный округ Бирюлево Западное,1973
2281085,г Москва ул Булатниковская д.9 кор.1,Москва,ул Булатниковская д.9 кор.1,ул,Булатниковская ,д.9 кор.1,7821420,муниципальный округ Бирюлево Западное,1984
2281085,г Москва ул Булатниковская д.9 кор.4,Москва,ул Булатниковская д.9 кор.4,ул,Булатниковская ,д.9 кор.4,7821430,муниципальный округ Бирюлево Западное,1975
2281085,г Москва ул Медынская д.1 кор.1,Москва,ул Медынская д.1 кор.1,ул,Медынская ,д.1 кор.1,7822393,муниципальный округ Бирюлево Западное,1973
2281085,г Москва ул Медынская д.1 кор.2,Москва,ул Медынская д.1 кор.2,ул,Медынская ,д.1 кор.2,7822399,муниципальный округ Бирюлево Западное,1973
2281085,г Москва ул Медынская д.1 кор.3,Москва,ул Медынская д.1 кор.3,ул,Медынская ,д.1 кор.3,7822403,муниципальный округ Бирюлево Западное,1973
2281085,г Москва ул Медынская д.1 кор.5,Москва,ул Медынская д.1 кор.5,ул,Медынская ,д.1 кор.5,7822583,муниципальный округ Бирюлево Западное,н.д.
2281085,г Москва ул Медынская д.10,Москва,ул Медынская д.10,ул,Медынская ,д.10,7822521,муниципальный округ Бирюлево Западное,1973
2281085,г Москва ул Медынская д.11,Москва,ул Медынская д.11,ул,Медынская ,д.11,7822526,муниципальный округ Бирюлево Западное,1984
2281085,г Москва ул Медынская д.12 кор.1,Москва,ул Медынская д.12 кор.1,ул,Медынская ,д.12 кор.1,7822533,муниципальный округ Бирюлево Западное,1973
2281085,г Москва ул Медынская д.12 кор.2,Москва,ул Медынская д.12 кор.2,ул,Медынская ,д.12 кор.2,7822545,муниципальный округ Бирюлево Западное,1973
2281085,г Москва ул Медынская д.14 кор.1,Москва,ул Медынская д.14 кор.1,ул,Медынская ,д.14 кор.1,7822549,муниципальный округ Бирюлево Западное,1973
2281085,г Москва ул Медынская д.2 кор.1,Москва,ул Медынская д.2 кор.1,ул,Медынская ,д.2 кор.1,7822407,муниципальный округ Бирюлево Западное,1973
2281085,г Москва ул Медынская д.2 кор.2,Москва,ул Медынская д.2 кор.2,ул,Медынская ,д.2 кор.2,7822419,муниципальный округ Бирюлево Западное,1973
2281085,г Москва ул Медынская д.2 кор.3,Москва,ул Медынская д.2 кор.3,ул,Медынская ,д.2 кор.3,7822426,муниципальный округ Бирюлево Западное,1973
2281085,г Москва ул Медынская д.4 кор.1,Москва,ул Медынская д.4 кор.1,ул,Медынская ,д.4 кор.1,7822432,муниципальный округ Бирюлево Западное,1973
2281085,г Москва ул Медынская д.4 кор.2,Москва,ул Медынская д.4 кор.2,ул,Медынская ,д.4 кор.2,7822440,муниципальный округ Бирюлево Западное,1975
2281085,г Москва ул Медынская д.5 кор.1,Москва,ул Медынская д.5 кор.1,ул,Медынская ,д.5 кор.1,7822446,муниципальный округ Бирюлево Западное,1973
2281085,г Москва ул Медынская д.5 кор.2,Москва,ул Медынская д.5 кор.2,ул,Медынская ,д.5 кор.2,7822453,муниципальный округ Бирюлево Западное,1973
2281085,г Москва ул Медынская д.5 кор.3,Москва,ул Медынская д.5 кор.3,ул,Медынская ,д.5 кор.3,7822466,муниципальный округ Бирюлево Западное,1973
2281085,г Москва ул Медынская д.5 кор.4,Москва,ул Медынская д.5 кор.4,ул,Медынская ,д.5 кор.4,7822473,муниципальный округ Бирюлево Западное,1973
2281085,г Москва ул Медынская д.5 кор.5,Москва,ул Медынская д.5 кор.5,ул,Медынская ,д.5 кор.5,7822479,муниципальный округ Бирюлево Западное,1973
2281085,г Москва ул Медынская д.5 кор.6,Москва,ул Медынская д.5 кор.6,ул,Медынская ,д.5 кор.6,7822487,муниципальный округ Бирюлево Западное,2002
2281085,г Москва ул Медынская д.5А,Москва,ул Медынская д.5А,ул,Медынская ,д.5А,7822495,муниципальный округ Бирюлево Западное,1992
2281085,г Москва ул Медынская д.5Б,Москва,ул Медынская д.5Б,ул,Медынская ,д.5Б,7822503,муниципальный округ Бирюлево Западное,1992
2281085,г Москва ул Медынская д.8 кор.2,Москва,ул Медынская д.8 кор.2,ул,Медынская ,д.8 кор.2,7822513,муниципальный округ Бирюлево Западное,1973
2281085,г Москва ул Харьковская д.1 кор.1,Москва,ул Харьковская д.1 кор.1,ул,Харьковская ,д.1 кор.1,7822558,муниципальный округ Бирюлево Западное,1973
2281085,г Москва ул Харьковская д.1 кор.2,Москва,ул Харьковская д.1 кор.2,ул,Харьковская ,д.1 кор.2,7822564,муниципальный округ Бирюлево Западное,1973
2281085,г Москва ул Харьковская д.1 кор.3,Москва,ул Харьковская д.1 кор.3,ул,Харьковская ,д.1 кор.3,7822574,муниципальный округ Бирюлево Западное,1973
2281085,г Москва ул Харьковская д.1 кор.4,Москва,ул Харьковская д.1 кор.4,ул,Харьковская ,д.1 кор.4,7822577,муниципальный округ Бирюлево Западное,1973
2281085,г Москва ул Харьковская д.1 кор.5,Москва,ул Харьковская д.1 кор.5,ул,Харьковская ,д.1 кор.5,7838739,муниципальный округ Бирюлево Западное,1973
2281085,г Москва ул Харьковская д.3 кор.1,Москва,ул Харьковская д.3 кор.1,ул,Харьковская ,д.3 кор.1,7822592,муниципальный округ Бирюлево Западное,1975
2281085,г Москва ул Харьковская д.3 кор.2,Москва,ул Харьковская д.3 кор.2,ул,Харьковская ,д.3 кор.2,7822600,муниципальный округ Бирюлево Западное,1975
2281085,г Москва ул Харьковская д.3 кор.3,Москва,ул Харьковская д.3 кор.3,ул,Харьковская ,д.3 кор.3,7822607,муниципальный округ Бирюлево Западное,1975
2281085,г Москва ул Харьковская д.3 кор.4,Москва,ул Харьковская д.3 кор.4,ул,Харьковская ,д.3 кор.4,7822614,муниципальный округ Бирюлево Западное,1975
2281085,г Москва ул Харьковская д.3 кор.6,Москва,ул Харьковская д.3 кор.6,ул,Харьковская ,д.3 кор.6,7822621,муниципальный округ Бирюлево Западное,1975
2281085,г Москва ул Харьковская д.3 кор.7,Москва,ул Харьковская д.3 кор.7,ул,Харьковская ,д.3 кор.7,7822629,муниципальный округ Бирюлево Западное,1976
2281085,г Москва ул Харьковская д.3 кор.8,Москва,ул Харьковская д.3 кор.8,ул,Харьковская ,д.3 кор.8,7822636,муниципальный округ Бирюлево Западное,1975
2281085,г Москва ул Харьковская д.4 кор.1,Москва,ул Харьковская д.4 кор.1,ул,Харьковская ,д.4 кор.1,7822644,муниципальный округ Бирюлево Западное,1992
2281085,г Москва ул Харьковская д.4 кор.2,Москва,ул Харьковская д.4 кор.2,ул,Харьковская ,д.4 кор.2,7822648,муниципальный округ Бирюлево Западное,1992
2281085,г Москва ул Харьковская д.8 кор.1,Москва,ул Харьковская д.8 кор.1,ул,Харьковская ,д.8 кор.1,7822658,муниципальный округ Бирюлево Западное,1975
2281085,г Москва ул Харьковская д.8 кор.2,Москва,ул Харьковская д.8 кор.2,ул,Харьковская ,д.8 кор.2,7822667,муниципальный округ Бирюлево Западное,1984
2281086,г Москва ул Алма-Атинская д.10 кор.1,Москва,ул Алма-Атинская д.10 кор.1,ул,Алма-Атинская ,д.10 кор.1,7577905,муниципальный округ Братеево,1986
2281086,г Москва ул Алма-Атинская д.11 кор.1,Москва,ул Алма-Атинская д.11 кор.1,ул,Алма-Атинская ,д.11 кор.1,7595686,муниципальный округ Братеево,1995
2281086,г Москва ул Алма-Атинская д.2,Москва,ул Алма-Атинская д.2,ул,Алма-Атинская ,д.2,8181356,муниципальный округ Братеево,1985
2281086,г Москва ул Алма-Атинская д.3 кор.1,Москва,ул Алма-Атинская д.3 кор.1,ул,Алма-Атинская ,д.3 кор.1,7577879,муниципальный округ Братеево,1985
2281086,г Москва ул Алма-Атинская д.3 кор.2,Москва,ул Алма-Атинская д.3 кор.2,ул,Алма-Атинская ,д.3 кор.2,7577885,муниципальный округ Братеево,1985
2281086,г Москва ул Алма-Атинская д.4,Москва,ул Алма-Атинская д.4,ул,Алма-Атинская ,д.4,7577887,муниципальный округ Братеево,1985
2281086,г Москва ул Алма-Атинская д.5,Москва,ул Алма-Атинская д.5,ул,Алма-Атинская ,д.5,7577891,муниципальный округ Братеево,1986
2281086,г Москва ул Алма-Атинская д.7 кор.2,Москва,ул Алма-Атинская д.7 кор.2,ул,Алма-Атинская ,д.7 кор.2,7577895,муниципальный округ Братеево,1990
2281086,г Москва ул Алма-Атинская д.8 кор.1,Москва,ул Алма-Атинская д.8 кор.1,ул,Алма-Атинская ,д.8 кор.1,7577897,муниципальный округ Братеево,1985
2281086,г Москва ул Алма-Атинская д.9 кор.2,Москва,ул Алма-Атинская д.9 кор.2,ул,Алма-Атинская ,д.9 кор.2,7577902,муниципальный округ Братеево,1995
2281086,г Москва ул Борисовские Пруды д.10 кор.1,Москва,ул Борисовские Пруды д.10 кор.1,ул,Борисовские Пруды ,д.10 кор.1,8235891,муниципальный округ Братеево,н.д.
2281086,г Москва ул Борисовские Пруды д.10 кор.4,Москва,ул Борисовские Пруды д.10 кор.4,ул,Борисовские Пруды ,д.10 кор.4,7577993,муниципальный округ Братеево,1998
2281086,г Москва ул Борисовские Пруды д.10 кор.6,Москва,ул Борисовские Пруды д.10 кор.6,ул,Борисовские Пруды ,д.10 кор.6,7577996,муниципальный округ Братеево,2000
2281086,г Москва ул Борисовские Пруды д.12 кор.1,Москва,ул Борисовские Пруды д.12 кор.1,ул,Борисовские Пруды ,д.12 кор.1,7577998,муниципальный округ Братеево,1996
2281086,г Москва ул Борисовские Пруды д.14 кор.1,Москва,ул Борисовские Пруды д.14 кор.1,ул,Борисовские Пруды ,д.14 кор.1,7577999,муниципальный округ Братеево,1995
2281086,г Москва ул Борисовские Пруды д.14 кор.2,Москва,ул Борисовские Пруды д.14 кор.2,ул,Борисовские Пруды ,д.14 кор.2,7578002,муниципальный округ Братеево,1996
2281086,г Москва ул Борисовские Пруды д.14 кор.3,Москва,ул Борисовские Пруды д.14 кор.3,ул,Борисовские Пруды ,д.14 кор.3,7578006,муниципальный округ Братеево,1996
2281086,г Москва ул Борисовские Пруды д.14 кор.5,Москва,ул Борисовские Пруды д.14 кор.5,ул,Борисовские Пруды ,д.14 кор.5,7578010,муниципальный округ Братеево,1996
2281086,г Москва ул Борисовские Пруды д.16 кор.1,Москва,ул Борисовские Пруды д.16 кор.1,ул,Борисовские Пруды ,д.16 кор.1,7578016,муниципальный округ Братеево,1996
2281086,г Москва ул Борисовские Пруды д.16 кор.2,Москва,ул Борисовские Пруды д.16 кор.2,ул,Борисовские Пруды ,д.16 кор.2,7578020,муниципальный округ Братеево,1996
2281086,г Москва ул Борисовские Пруды д.16 кор.3,Москва,ул Борисовские Пруды д.16 кор.3,ул,Борисовские Пруды ,д.16 кор.3,7578023,муниципальный округ Братеево,1996
2281086,г Москва ул Борисовские Пруды д.16 кор.4,Москва,ул Борисовские Пруды д.16 кор.4,ул,Борисовские Пруды ,д.16 кор.4,7578026,муниципальный округ Братеево,1997
2281086,г Москва ул Борисовские Пруды д.16 кор.5,Москва,ул Борисовские Пруды д.16 кор.5,ул,Борисовские Пруды ,д.16 кор.5,7578030,муниципальный округ Братеево,1999
2281086,г Москва ул Борисовские Пруды д.16 кор.6,Москва,ул Борисовские Пруды д.16 кор.6,ул,Борисовские Пруды ,д.16 кор.6,7578035,муниципальный округ Братеево,1999
2281086,г Москва ул Борисовские Пруды д.18 кор.1,Москва,ул Борисовские Пруды д.18 кор.1,ул,Борисовские Пруды ,д.18 кор.1,7578039,муниципальный округ Братеево,1986
2281086,г Москва ул Борисовские Пруды д.18 кор.3,Москва,ул Борисовские Пруды д.18 кор.3,ул,Борисовские Пруды ,д.18 кор.3,7578040,муниципальный округ Братеево,1987
2281086,г Москва ул Борисовские Пруды д.20 кор.1,Москва,ул Борисовские Пруды д.20 кор.1,ул,Борисовские Пруды ,д.20 кор.1,7578044,муниципальный округ Братеево,1986
2281086,г Москва ул Борисовские Пруды д.20 кор.2,Москва,ул Борисовские Пруды д.20 кор.2,ул,Борисовские Пруды ,д.20 кор.2,7578049,муниципальный округ Братеево,1986
2281086,г Москва ул Борисовские Пруды д.22 кор.1,Москва,ул Борисовские Пруды д.22 кор.1,ул,Борисовские Пруды ,д.22 кор.1,7578055,муниципальный округ Братеево,1986
2281086,г Москва ул Борисовские Пруды д.22 кор.2,Москва,ул Борисовские Пруды д.22 кор.2,ул,Борисовские Пруды ,д.22 кор.2,7578060,муниципальный округ Братеево,1986
2281086,г Москва ул Борисовские Пруды д.24/2,Москва,ул Борисовские Пруды д.24/2,ул,Борисовские Пруды ,д.24/2,7578065,муниципальный округ Братеево,1985
2281086,г Москва ул Борисовские Пруды д.28/1,Москва,ул Борисовские Пруды д.28/1,ул,Борисовские Пруды ,д.28/1,7578068,муниципальный округ Братеево,1985
2281086,г Москва ул Борисовские Пруды д.30,Москва,ул Борисовские Пруды д.30,ул,Борисовские Пруды ,д.30,7578071,муниципальный округ Братеево,1985
2281086,г Москва ул Борисовские Пруды д.32,Москва,ул Борисовские Пруды д.32,ул,Борисовские Пруды ,д.32,7578082,муниципальный округ Братеево,1985
2281086,г Москва ул Борисовские Пруды д.34 кор.1,Москва,ул Борисовские Пруды д.34 кор.1,ул,Борисовские Пруды ,д.34 кор.1,7578075,муниципальный округ Братеево,1985
2281086,г Москва ул Борисовские Пруды д.34 кор.2,Москва,ул Борисовские Пруды д.34 кор.2,ул,Борисовские Пруды ,д.34 кор.2,7578084,муниципальный округ Братеево,1985
2281086,г Москва ул Борисовские Пруды д.38,Москва,ул Борисовские Пруды д.38,ул,Борисовские Пруды ,д.38,7578087,муниципальный округ Братеево,1985
2281086,г Москва ул Борисовские Пруды д.42,Москва,ул Борисовские Пруды д.42,ул,Борисовские Пруды ,д.42,7578091,муниципальный округ Братеево,1985
2281086,г Москва ул Борисовские Пруды д.44,Москва,ул Борисовские Пруды д.44,ул,Борисовские Пруды ,д.44,7578093,муниципальный округ Братеево,1998
2281086,г Москва ул Борисовские Пруды д.46 кор.2,Москва,ул Борисовские Пруды д.46 кор.2,ул,Борисовские Пруды ,д.46 кор.2,7578098,муниципальный округ Братеево,1989
2281086,г Москва ул Борисовские Пруды д.48 кор.1,Москва,ул Борисовские Пруды д.48 кор.1,ул,Борисовские Пруды ,д.48 кор.1,7578100,муниципальный округ Братеево,1989
2281086,г Москва ул Борисовские Пруды д.48 кор.2,Москва,ул Борисовские Пруды д.48 кор.2,ул,Борисовские Пруды ,д.48 кор.2,7578102,муниципальный округ Братеево,1989
2281086,г Москва ул Борисовские Пруды д.6 кор.1,Москва,ул Борисовские Пруды д.6 кор.1,ул,Борисовские Пруды ,д.6 кор.1,7577985,муниципальный округ Братеево,1998
2281086,г Москва ул Борисовские Пруды д.6 кор.2,Москва,ул Борисовские Пруды д.6 кор.2,ул,Борисовские Пруды ,д.6 кор.2,7577986,муниципальный округ Братеево,1998
2281086,г Москва ул Борисовские Пруды д.8 кор.1,Москва,ул Борисовские Пруды д.8 кор.1,ул,Борисовские Пруды ,д.8 кор.1,8086846,муниципальный округ Братеево,1997
2281086,г Москва ул Борисовские Пруды д.8 кор.3,Москва,ул Борисовские Пруды д.8 кор.3,ул,Борисовские Пруды ,д.8 кор.3,7577990,муниципальный округ Братеево,1997
2281086,г Москва ул Братеевская д.10 кор.1,Москва,ул Братеевская д.10 кор.1,ул,Братеевская ,д.10 кор.1,7577912,муниципальный округ Братеево,1996
2281086,г Москва ул Братеевская д.10 кор.3,Москва,ул Братеевская д.10 кор.3,ул,Братеевская ,д.10 кор.3,7577917,муниципальный округ Братеево,1997
2281086,г Москва ул Братеевская д.10 кор.4,Москва,ул Братеевская д.10 кор.4,ул,Братеевская ,д.10 кор.4,7577925,муниципальный округ Братеево,1996
2281086,г Москва ул Братеевская д.16 кор.1,Москва,ул Братеевская д.16 кор.1,ул,Братеевская ,д.16 кор.1,7577922,муниципальный округ Братеево,1997
2281086,г Москва ул Братеевская д.16 кор.2,Москва,ул Братеевская д.16 кор.2,ул,Братеевская ,д.16 кор.2,7577926,муниципальный округ Братеево,1997
2281086,г Москва ул Братеевская д.16 кор.6,Москва,ул Братеевская д.16 кор.6,ул,Братеевская ,д.16 кор.6,7577927,муниципальный округ Братеево,1997
2281086,г Москва ул Братеевская д.18 кор.1,Москва,ул Братеевская д.18 кор.1,ул,Братеевская ,д.18 кор.1,8081449,муниципальный округ Братеево,2001
2281086,г Москва ул Братеевская д.18 кор.3,Москва,ул Братеевская д.18 кор.3,ул,Братеевская ,д.18 кор.3,7577931,муниципальный округ Братеево,1997
2281086,г Москва ул Братеевская д.18 кор.5,Москва,ул Братеевская д.18 кор.5,ул,Братеевская ,д.18 кор.5,7577933,муниципальный округ Братеево,1997
2281086,г Москва ул Братеевская д.21,Москва,ул Братеевская д.21,ул,Братеевская ,д.21,7577936,муниципальный округ Братеево,1999
2281086,г Москва ул Братеевская д.21 кор.1,Москва,ул Братеевская д.21 кор.1,ул,Братеевская ,д.21 кор.1,7577937,муниципальный округ Братеево,1985
2281086,г Москва ул Братеевская д.21 кор.2,Москва,ул Братеевская д.21 кор.2,ул,Братеевская ,д.21 кор.2,7577940,муниципальный округ Братеево,1985
2281086,г Москва ул Братеевская д.21 кор.3,Москва,ул Братеевская д.21 кор.3,ул,Братеевская ,д.21 кор.3,7577943,муниципальный округ Братеево,2000
2281086,г Москва ул Братеевская д.21 кор.4,Москва,ул Братеевская д.21 кор.4,ул,Братеевская ,д.21 кор.4,8180365,муниципальный округ Братеево,2001
2281086,г Москва ул Братеевская д.21 кор.5,Москва,ул Братеевская д.21 кор.5,ул,Братеевская ,д.21 кор.5,7577944,муниципальный округ Братеево,2000
2281086,г Москва ул Братеевская д.23 кор.1,Москва,ул Братеевская д.23 кор.1,ул,Братеевская ,д.23 кор.1,7577946,муниципальный округ Братеево,1986
2281086,г Москва ул Братеевская д.25 кор.1,Москва,ул Братеевская д.25 кор.1,ул,Братеевская ,д.25 кор.1,7577947,муниципальный округ Братеево,1985
2281086,г Москва ул Братеевская д.25 кор.3,Москва,ул Братеевская д.25 кор.3,ул,Братеевская ,д.25 кор.3,7577949,муниципальный округ Братеево,1985
2281086,г Москва ул Братеевская д.27 кор.1,Москва,ул Братеевская д.27 кор.1,ул,Братеевская ,д.27 кор.1,7577953,муниципальный округ Братеево,1985
2281086,г Москва ул Братеевская д.27 кор.2,Москва,ул Братеевская д.27 кор.2,ул,Братеевская ,д.27 кор.2,7577956,муниципальный округ Братеево,1985
2281086,г Москва ул Братеевская д.33 кор.1,Москва,ул Братеевская д.33 кор.1,ул,Братеевская ,д.33 кор.1,8086858,муниципальный округ Братеево,1985
2281086,г Москва ул Братеевская д.33 кор.2,Москва,ул Братеевская д.33 кор.2,ул,Братеевская ,д.33 кор.2,7577958,муниципальный округ Братеево,1985
2281086,г Москва ул Братеевская д.35 кор.3,Москва,ул Братеевская д.35 кор.3,ул,Братеевская ,д.35 кор.3,7577962,муниципальный округ Братеево,1985
2281086,г Москва ул Братеевская д.39/12,Москва,ул Братеевская д.39/12,ул,Братеевская ,д.39/12,7579088,муниципальный округ Братеево,1987
2281086,г Москва ул Братеевская д.8 кор.3,Москва,ул Братеевская д.8 кор.3,ул,Братеевская ,д.8 кор.3,7577907,муниципальный округ Братеево,1997
2281086,г Москва ул Братеевская д.8 кор.4,Москва,ул Братеевская д.8 кор.4,ул,Братеевская ,д.8 кор.4,7577910,муниципальный округ Братеево,1997
2281086,г Москва ул Ключевая д.10 кор.2,Москва,ул Ключевая д.10 кор.2,ул,Ключевая ,д.10 кор.2,7578111,муниципальный округ Братеево,1985
2281086,г Москва ул Ключевая д.12 кор.1,Москва,ул Ключевая д.12 кор.1,ул,Ключевая ,д.12 кор.1,7578116,муниципальный округ Братеево,1986
2281086,г Москва ул Ключевая д.16/29,Москва,ул Ключевая д.16/29,ул,Ключевая ,д.16/29,7578119,муниципальный округ Братеево,1987
2281086,г Москва ул Ключевая д.18,Москва,ул Ключевая д.18,ул,Ключевая ,д.18,7578122,муниципальный округ Братеево,2001
2281086,г Москва ул Ключевая д.20,Москва,ул Ключевая д.20,ул,Ключевая ,д.20,7578124,муниципальный округ Братеево,2001
2281086,г Москва ул Ключевая д.22 кор.1,Москва,ул Ключевая д.22 кор.1,ул,Ключевая ,д.22 кор.1,7578128,муниципальный округ Братеево,1996
2281086,г Москва ул Ключевая д.24 кор.1,Москва,ул Ключевая д.24 кор.1,ул,Ключевая ,д.24 кор.1,7578132,муниципальный округ Братеево,1996
2281086,г Москва ул Ключевая д.24 кор.2,Москва,ул Ключевая д.24 кор.2,ул,Ключевая ,д.24 кор.2,7578136,муниципальный округ Братеево,1996
2281086,г Москва ул Ключевая д.4 кор.1,Москва,ул Ключевая д.4 кор.1,ул,Ключевая ,д.4 кор.1,7578104,муниципальный округ Братеево,1985
2281086,г Москва ул Ключевая д.8 кор.1,Москва,ул Ключевая д.8 кор.1,ул,Ключевая ,д.8 кор.1,7578107,муниципальный округ Братеево,1986
2281086,г Москва ул Ключевая д.8 кор.2,Москва,ул Ключевая д.8 кор.2,ул,Ключевая ,д.8 кор.2,7578108,муниципальный округ Братеево,1985
2281086,г Москва ул Паромная д.11/31,Москва,ул Паромная д.11/31,ул,Паромная ,д.11/31,7578172,муниципальный округ Братеево,1987
2281086,г Москва ул Паромная д.3,Москва,ул Паромная д.3,ул,Паромная ,д.3,7578141,муниципальный округ Братеево,1985
2281086,г Москва ул Паромная д.7 кор.1,Москва,ул Паромная д.7 кор.1,ул,Паромная ,д.7 кор.1,7578147,муниципальный округ Братеево,1986
2281086,г Москва ул Паромная д.7 кор.2,Москва,ул Паромная д.7 кор.2,ул,Паромная ,д.7 кор.2,7578150,муниципальный округ Братеево,1985
2281086,г Москва ул Паромная д.7 кор.3,Москва,ул Паромная д.7 кор.3,ул,Паромная ,д.7 кор.3,7578159,муниципальный округ Братеево,1985
2281086,г Москва ул Паромная д.9 кор.1,Москва,ул Паромная д.9 кор.1,ул,Паромная ,д.9 кор.1,7578165,муниципальный округ Братеево,1986
2281087,г Москва наб Даниловская д.1/2,Москва,наб Даниловская д.1/2,наб,Даниловская ,д.1/2,7872490,муниципальный округ Даниловский,н.д.
2281087,г Москва наб Даниловская д.2 кор.1,Москва,наб Даниловская д.2 кор.1,наб,Даниловская ,д.2 кор.1,7872189,муниципальный округ Даниловский,1961
2281087,г Москва наб Даниловская д.2 кор.2,Москва,наб Даниловская д.2 кор.2,наб,Даниловская ,д.2 кор.2,7872208,муниципальный округ Даниловский,1961
2281087,г Москва наб Даниловская д.2 кор.3,Москва,наб Даниловская д.2 кор.3,наб,Даниловская ,д.2 кор.3,7872249,муниципальный округ Даниловский,1958
2281087,г Москва наб Даниловская д.2 кор.4,Москва,наб Даниловская д.2 кор.4,наб,Даниловская ,д.2 кор.4,7872270,муниципальный округ Даниловский,1961
2281087,г Москва наб Даниловская д.4 кор.2,Москва,наб Даниловская д.4 кор.2,наб,Даниловская ,д.4 кор.2,7872287,муниципальный округ Даниловский,1973
2281087,г Москва наб Даниловская д.6 кор.1,Москва,наб Даниловская д.6 кор.1,наб,Даниловская ,д.6 кор.1,7872319,муниципальный округ Даниловский,1966
2281087,г Москва наб Даниловская д.6 кор.2,Москва,наб Даниловская д.6 кор.2,наб,Даниловская ,д.6 кор.2,7872341,муниципальный округ Даниловский,1984
2281087,г Москва наб Даниловская д.6 кор.3,Москва,наб Даниловская д.6 кор.3,наб,Даниловская ,д.6 кор.3,7872394,муниципальный округ Даниловский,1964
2281087,г Москва наб Даниловская д.6 кор.4,Москва,наб Даниловская д.6 кор.4,наб,Даниловская ,д.6 кор.4,7872432,муниципальный округ Даниловский,1996
2281087,г Москва наб Даниловская д.6 кор.5,Москва,наб Даниловская д.6 кор.5,наб,Даниловская ,д.6 кор.5,7872451,муниципальный округ Даниловский,1962
2281087,г Москва наб Дербеневская д.1,Москва,наб Дербеневская д.1,наб,Дербеневская ,д.1,7872791,муниципальный округ Даниловский,1959
2281087,г Москва наб Дербеневская д.1/2,Москва,наб Дербеневская д.1/2,наб,Дербеневская ,д.1/2,7872799,муниципальный округ Даниловский,1941
2281087,г Москва наб Дербеневская д.11А,Москва,наб Дербеневская д.11А,наб,Дербеневская ,д.11А,7872821,муниципальный округ Даниловский,1960
2281087,г Москва наб Дербеневская д.13/17 кор.1,Москва,наб Дербеневская д.13/17 кор.1,наб,Дербеневская ,д.13/17 кор.1,7873344,муниципальный округ Даниловский,1961
2281087,г Москва наб Дербеневская д.13/17 кор.2,Москва,наб Дербеневская д.13/17 кор.2,наб,Дербеневская ,д.13/17 кор.2,7873357,муниципальный округ Даниловский,1964
2281087,г Москва наб Дербеневская д.13/17 кор.3,Москва,наб Дербеневская д.13/17 кор.3,наб,Дербеневская ,д.13/17 кор.3,7873375,муниципальный округ Даниловский,1961
2281087,г Москва наб Дербеневская д.13/17 кор.4,Москва,наб Дербеневская д.13/17 кор.4,наб,Дербеневская ,д.13/17 кор.4,7873389,муниципальный округ Даниловский,1962
2281087,г Москва наб Дербеневская д.13/17 кор.5,Москва,наб Дербеневская д.13/17 кор.5,наб,Дербеневская ,д.13/17 кор.5,7873409,муниципальный округ Даниловский,1962
2281087,г Москва наб Крутицкая д.11,Москва,наб Крутицкая д.11,наб,Крутицкая ,д.11,7875145,муниципальный округ Даниловский,1969
2281087,г Москва наб Крутицкая д.13,Москва,наб Крутицкая д.13,наб,Крутицкая ,д.13,7875155,муниципальный округ Даниловский,1967
2281087,г Москва наб Крутицкая д.15,Москва,наб Крутицкая д.15,наб,Крутицкая ,д.15,7875165,муниципальный округ Даниловский,1963
2281087,г Москва наб Крутицкая д.17,Москва,наб Крутицкая д.17,наб,Крутицкая ,д.17,7875168,муниципальный округ Даниловский,1962
2281087,г Москва наб Крутицкая д.19,Москва,наб Крутицкая д.19,наб,Крутицкая ,д.19,8351838,муниципальный округ Даниловский,2001
2281087,г Москва наб Крутицкая д.21,Москва,наб Крутицкая д.21,наб,Крутицкая ,д.21,7875173,муниципальный округ Даниловский,1962
2281087,г Москва наб Крутицкая д.25,Москва,наб Крутицкая д.25,наб,Крутицкая ,д.25,7875176,муниципальный округ Даниловский,1962
2281087,г Москва наб Крутицкая д.5,Москва,наб Крутицкая д.5,наб,Крутицкая ,д.5,7875185,муниципальный округ Даниловский,1963
2281087,г Москва наб Крутицкая д.7,Москва,наб Крутицкая д.7,наб,Крутицкая ,д.7,7875187,муниципальный округ Даниловский,1963
2281087,г Москва наб Крутицкая д.9,Москва,наб Крутицкая д.9,наб,Крутицкая ,д.9,7875196,муниципальный округ Даниловский,1963
2281087,г Москва наб Павелецкая д.10 кор.1,Москва,наб Павелецкая д.10 кор.1,наб,Павелецкая ,д.10 кор.1,7875850,муниципальный округ Даниловский,1957
2281087,г Москва наб Павелецкая д.10 кор.2,Москва,наб Павелецкая д.10 кор.2,наб,Павелецкая ,д.10 кор.2,7875855,муниципальный округ Даниловский,1958
2281087,г Москва наб Павелецкая д.10 кор.3,Москва,наб Павелецкая д.10 кор.3,наб,Павелецкая ,д.10 кор.3,7875871,муниципальный округ Даниловский,1957
2281087,г Москва наб Павелецкая д.4,Москва,наб Павелецкая д.4,наб,Павелецкая ,д.4,7875839,муниципальный округ Даниловский,1956
2281087,г Москва пер Духовской д.10,Москва,пер Духовской д.10,пер,Духовской ,д.10,7873847,муниципальный округ Даниловский,1987
2281087,г Москва пер Духовской д.12,Москва,пер Духовской д.12,пер,Духовской ,д.12,7873866,муниципальный округ Даниловский,1983
2281087,г Москва пер Духовской д.12А,Москва,пер Духовской д.12А,пер,Духовской ,д.12А,7873875,муниципальный округ Даниловский,1982
2281087,г Москва пер Духовской д.14,Москва,пер Духовской д.14,пер,Духовской ,д.14,7873878,муниципальный округ Даниловский,1981
2281087,г Москва пер Духовской д.16,Москва,пер Духовской д.16,пер,Духовской ,д.16,7874655,муниципальный округ Даниловский,1980
2281087,г Москва пер Духовской д.20 кор.2,Москва,пер Духовской д.20 кор.2,пер,Духовской ,д.20 кор.2,7874660,муниципальный округ Даниловский,1964
2281087,г Москва пер Духовской д.20 кор.А,Москва,пер Духовской д.20 кор.А,пер,Духовской ,д.20 кор.А,7874946,муниципальный округ Даниловский,1959
2281087,г Москва пер Духовской д.20 кор.Б,Москва,пер Духовской д.20 кор.Б,пер,Духовской ,д.20 кор.Б,7874948,муниципальный округ Даниловский,1958
2281087,г Москва пер Духовской д.22А,Москва,пер Духовской д.22А,пер,Духовской ,д.22А,7874978,муниципальный округ Даниловский,1975
2281087,г Москва пер Кожевнический 2-й д.1,Москва,пер Кожевнический 2-й д.1,пер,Кожевнический 2-й ,д.1,7875002,муниципальный округ Даниловский,1984
2281087,г Москва пер Кожевнический 2-й д.10/11,Москва,пер Кожевнический 2-й д.10/11,пер,Кожевнический 2-й ,д.10/11,7875014,муниципальный округ Даниловский,1860
2281087,г Москва пер Кожевнический 2-й д.3,Москва,пер Кожевнический 2-й д.3,пер,Кожевнический 2-й ,д.3,7875021,муниципальный округ Даниловский,1907
2281087,г Москва пер Ослябинский д.3,Москва,пер Ослябинский д.3,пер,Ослябинский ,д.3,7875832,муниципальный округ Даниловский,1975
2281087,г Москва пер Павловский 1-й д.5,Москва,пер Павловский 1-й д.5,пер,Павловский 1-й ,д.5,7876060,муниципальный округ Даниловский,1975
2281087,г Москва пер Павловский 2-й д.1,Москва,пер Павловский 2-й д.1,пер,Павловский 2-й ,д.1,7876063,муниципальный округ Даниловский,1910
2281087,г Москва пер Павловский 2-й д.13,Москва,пер Павловский 2-й д.13,пер,Павловский 2-й ,д.13,7876072,муниципальный округ Даниловский,1966
2281087,г Москва пер Павловский 2-й д.15,Москва,пер Павловский 2-й д.15,пер,Павловский 2-й ,д.15,7876080,муниципальный округ Даниловский,1966
2281087,г Москва пер Павловский 2-й д.20,Москва,пер Павловский 2-й д.20,пер,Павловский 2-й ,д.20,7876082,муниципальный округ Даниловский,1976
2281087,г Москва пер Павловский 2-й д.26,Москва,пер Павловский 2-й д.26,пер,Павловский 2-й ,д.26,7876090,муниципальный округ Даниловский,1885
2281087,г Москва пер Павловский 2-й д.3,Москва,пер Павловский 2-й д.3,пер,Павловский 2-й ,д.3,7876098,муниципальный округ Даниловский,1910
2281087,г Москва пер Павловский 3-й д.14,Москва,пер Павловский 3-й д.14,пер,Павловский 3-й ,д.14,7876113,муниципальный округ Даниловский,1969
2281087,г Москва пер Пересветов д.1 кор.2,Москва,пер Пересветов д.1 кор.2,пер,Пересветов ,д.1 кор.2,7876128,муниципальный округ Даниловский,1929
2281087,г Москва пер Пересветов д.2/3,Москва,пер Пересветов д.2/3,пер,Пересветов ,д.2/3,7876130,муниципальный округ Даниловский,1928
2281087,г Москва пер Пересветов д.3,Москва,пер Пересветов д.3,пер,Пересветов ,д.3,7876144,муниципальный округ Даниловский,1960
2281087,г Москва пер Пересветов д.4 кор.1,Москва,пер Пересветов д.4 кор.1,пер,Пересветов ,д.4 кор.1,7876147,муниципальный округ Даниловский,1928
2281087,г Москва пер Пересветов д.4 кор.2,Москва,пер Пересветов д.4 кор.2,пер,Пересветов ,д.4 кор.2,7876158,муниципальный округ Даниловский,1928
2281087,г Москва пер Пересветов д.5,Москва,пер Пересветов д.5,пер,Пересветов ,д.5,7876159,муниципальный округ Даниловский,1934
2281087,г Москва пер Пересветов д.6,Москва,пер Пересветов д.6,пер,Пересветов ,д.6,7876168,муниципальный округ Даниловский,1927
2281087,г Москва пер Пересветов д.7 кор.1,Москва,пер Пересветов д.7 кор.1,пер,Пересветов ,д.7 кор.1,7876170,муниципальный округ Даниловский,1957
2281087,г Москва проезд Автозаводский 2-й д.2,Москва,проезд Автозаводский 2-й д.2,проезд,Автозаводский 2-й ,д.2,7871146,муниципальный округ Даниловский,1938
2281087,г Москва проезд Автозаводский 2-й д.3,Москва,проезд Автозаводский 2-й д.3,проезд,Автозаводский 2-й ,д.3,7871148,муниципальный округ Даниловский,1956
2281087,г Москва проезд Автозаводский 2-й д.3А,Москва,проезд Автозаводский 2-й д.3А,проезд,Автозаводский 2-й ,д.3А,7871204,муниципальный округ Даниловский,1958
2281087,г Москва проезд Автозаводский 2-й д.5,Москва,проезд Автозаводский 2-й д.5,проезд,Автозаводский 2-й ,д.5,7871164,муниципальный округ Даниловский,1954
2281087,г Москва проезд Автозаводский 2-й д.ЗА,Москва,проезд Автозаводский 2-й д.ЗА,проезд,Автозаводский 2-й ,д.ЗА,7871161,муниципальный округ Даниловский,н.д.
2281087,г Москва проезд Автозаводский 3-й д.4,Москва,проезд Автозаводский 3-й д.4,проезд,Автозаводский 3-й ,д.4,7871165,муниципальный округ Даниловский,1960
2281087,г Москва проезд Жуков д.21,Москва,проезд Жуков д.21,проезд,Жуков ,д.21,7874970,муниципальный округ Даниловский,1911
2281087,г Москва проезд Кожуховский 1-й д.1/7,Москва,проезд Кожуховский 1-й д.1/7,проезд,Кожуховский 1-й ,д.1/7,7875028,муниципальный округ Даниловский,1954
2281087,г Москва проезд Кожуховский 1-й д.11,Москва,проезд Кожуховский 1-й д.11,проезд,Кожуховский 1-й ,д.11,7875042,муниципальный округ Даниловский,1960
2281087,г Москва проезд Кожуховский 1-й д.11А,Москва,проезд Кожуховский 1-й д.11А,проезд,Кожуховский 1-й ,д.11А,7875049,муниципальный округ Даниловский,1958
2281087,г Москва проезд Кожуховский 1-й д.19 кор.1,Москва,проезд Кожуховский 1-й д.19 кор.1,проезд,Кожуховский 1-й ,д.19 кор.1,7875062,муниципальный округ Даниловский,1958
2281087,г Москва проезд Кожуховский 1-й д.19 кор.2,Москва,проезд Кожуховский 1-й д.19 кор.2,проезд,Кожуховский 1-й ,д.19 кор.2,7875063,муниципальный округ Даниловский,1958
2281087,г Москва проезд Кожуховский 1-й д.19 кор.3,Москва,проезд Кожуховский 1-й д.19 кор.3,проезд,Кожуховский 1-й ,д.19 кор.3,7875076,муниципальный округ Даниловский,1959
2281087,г Москва проезд Кожуховский 1-й д.9,Москва,проезд Кожуховский 1-й д.9,проезд,Кожуховский 1-й ,д.9,7875078,муниципальный округ Даниловский,1954
2281087,г Москва проезд Кожуховский 2-й д.15 кор.1,Москва,проезд Кожуховский 2-й д.15 кор.1,проезд,Кожуховский 2-й ,д.15 кор.1,7875094,муниципальный округ Даниловский,1957
2281087,г Москва проезд Кожуховский 2-й д.15 кор.2,Москва,проезд Кожуховский 2-й д.15 кор.2,проезд,Кожуховский 2-й ,д.15 кор.2,7875096,муниципальный округ Даниловский,1950
2281087,г Москва проезд Кожуховский 2-й д.15 кор.3,Москва,проезд Кожуховский 2-й д.15 кор.3,проезд,Кожуховский 2-й ,д.15 кор.3,7875103,муниципальный округ Даниловский,1950
2281087,г Москва проезд Кожуховский 2-й д.9,Москва,проезд Кожуховский 2-й д.9,проезд,Кожуховский 2-й ,д.9,7875112,муниципальный округ Даниловский,1950
2281087,г Москва проезд Михайловский Нижн. 1-й д.16,Москва,проезд Михайловский Нижн. 1-й д.16,проезд,Михайловский Нижн. 1-й ,д.16,7875802,муниципальный округ Даниловский,1974
2281087,г Москва проезд Михайловский Нижн. 1-й д.18,Москва,проезд Михайловский Нижн. 1-й д.18,проезд,Михайловский Нижн. 1-й ,д.18,7875811,муниципальный округ Даниловский,1974
2281087,г Москва проезд Павелецкий 1-й д.1/42 кор.1,Москва,проезд Павелецкий 1-й д.1/42 кор.1,проезд,Павелецкий 1-й ,д.1/42 кор.1,7875886,муниципальный округ Даниловский,1957
2281087,г Москва проезд Павелецкий 1-й д.1/42 кор.2,Москва,проезд Павелецкий 1-й д.1/42 кор.2,проезд,Павелецкий 1-й ,д.1/42 кор.2,7875889,муниципальный округ Даниловский,1959
2281087,г Москва проезд Павелецкий 1-й д.4 кор.2,Москва,проезд Павелецкий 1-й д.4 кор.2,проезд,Павелецкий 1-й ,д.4 кор.2,7875896,муниципальный округ Даниловский,н.д.
2281087,г Москва проезд Павелецкий 1-й д.4 кор.3,Москва,проезд Павелецкий 1-й д.4 кор.3,проезд,Павелецкий 1-й ,д.4 кор.3,7875901,муниципальный округ Даниловский,н.д.
2281087,г Москва проезд Павелецкий 2-й д.4 кор.2,Москва,проезд Павелецкий 2-й д.4 кор.2,проезд,Павелецкий 2-й ,д.4 кор.2,7882784,муниципальный округ Даниловский,1960
2281087,г Москва проезд Павелецкий 2-й д.4 кор.3,Москва,проезд Павелецкий 2-й д.4 кор.3,проезд,Павелецкий 2-й ,д.4 кор.3,7882796,муниципальный округ Даниловский,1962
2281087,г Москва проезд Павелецкий 2-й д.6,Москва,проезд Павелецкий 2-й д.6,проезд,Павелецкий 2-й ,д.6,7875905,муниципальный округ Даниловский,1966
2281087,г Москва проезд Павелецкий 2-й д.8,Москва,проезд Павелецкий 2-й д.8,проезд,Павелецкий 2-й ,д.8,7875914,муниципальный округ Даниловский,1966
2281087,г Москва проезд Павелецкий 3-й д.11,Москва,проезд Павелецкий 3-й д.11,проезд,Павелецкий 3-й ,д.11,7875919,муниципальный округ Даниловский,1959
2281087,г Москва проезд Павелецкий 3-й д.11А,Москва,проезд Павелецкий 3-й д.11А,проезд,Павелецкий 3-й ,д.11А,7875936,муниципальный округ Даниловский,1974
2281087,г Москва проезд Павелецкий 3-й д.5,Москва,проезд Павелецкий 3-й д.5,проезд,Павелецкий 3-й ,д.5,7875939,муниципальный округ Даниловский,1960
2281087,г Москва проезд Павелецкий 3-й д.6 кор.А,Москва,проезд Павелецкий 3-й д.6 кор.А,проезд,Павелецкий 3-й ,д.6 кор.А,7875949,муниципальный округ Даниловский,1963
2281087,г Москва проезд Павелецкий 3-й д.6 кор.Б,Москва,проезд Павелецкий 3-й д.6 кор.Б,проезд,Павелецкий 3-й ,д.6 кор.Б,7875953,муниципальный округ Даниловский,1961
2281087,г Москва проезд Павелецкий 3-й д.6 кор.В,Москва,проезд Павелецкий 3-й д.6 кор.В,проезд,Павелецкий 3-й ,д.6 кор.В,7875960,муниципальный округ Даниловский,1961
2281087,г Москва проезд Павелецкий 3-й д.6 кор.Г,Москва,проезд Павелецкий 3-й д.6 кор.Г,проезд,Павелецкий 3-й ,д.6 кор.Г,7875968,муниципальный округ Даниловский,1963
2281087,г Москва проезд Павелецкий 3-й д.7 кор.1,Москва,проезд Павелецкий 3-й д.7 кор.1,проезд,Павелецкий 3-й ,д.7 кор.1,7875972,муниципальный округ Даниловский,1958
2281087,г Москва проезд Павелецкий 3-й д.7 кор.2,Москва,проезд Павелецкий 3-й д.7 кор.2,проезд,Павелецкий 3-й ,д.7 кор.2,7875974,муниципальный округ Даниловский,1960
2281087,г Москва проезд Павелецкий 3-й д.7 кор.3,Москва,проезд Павелецкий 3-й д.7 кор.3,проезд,Павелецкий 3-й ,д.7 кор.3,7875983,муниципальный округ Даниловский,1958
2281087,г Москва проезд Павелецкий 3-й д.7 кор.4,Москва,проезд Павелецкий 3-й д.7 кор.4,проезд,Павелецкий 3-й ,д.7 кор.4,7875993,муниципальный округ Даниловский,1957
2281087,г Москва проезд Павелецкий 3-й д.9,Москва,проезд Павелецкий 3-й д.9,проезд,Павелецкий 3-й ,д.9,7876001,муниципальный округ Даниловский,1961
2281087,г Москва проезд Павелецкий 3-й д.9А,Москва,проезд Павелецкий 3-й д.9А,проезд,Павелецкий 3-й ,д.9А,7876005,муниципальный округ Даниловский,1961
2281087,г Москва проезд Рощинский 4-й д.16,Москва,проезд Рощинский 4-й д.16,проезд,Рощинский 4-й ,д.16,7876214,муниципальный округ Даниловский,1958
2281087,г Москва проезд Рощинский 4-й д.7/16,Москва,проезд Рощинский 4-й д.7/16,проезд,Рощинский 4-й ,д.7/16,7876216,муниципальный округ Даниловский,1974
2281087,г Москва проезд Рощинский 4-й д.7/17,Москва,проезд Рощинский 4-й д.7/17,проезд,Рощинский 4-й ,д.7/17,8121437,муниципальный округ Даниловский,1977
2281087,г Москва проезд Рощинский 4-й д.8 кор.2,Москва,проезд Рощинский 4-й д.8 кор.2,проезд,Рощинский 4-й ,д.8 кор.2,7876222,муниципальный округ Даниловский,1959
2281087,г Москва проезд Рощинский 5-й д.7/8,Москва,проезд Рощинский 5-й д.7/8,проезд,Рощинский 5-й ,д.7/8,7876231,муниципальный округ Даниловский,1978
2281087,г Москва проезд Рощинский 6-й д.1,Москва,проезд Рощинский 6-й д.1,проезд,Рощинский 6-й ,д.1,7876237,муниципальный округ Даниловский,1938
2281087,г Москва ул Автозаводская д.11,Москва,ул Автозаводская д.11,ул,Автозаводская ,д.11,7606353,муниципальный округ Даниловский,1961
2281087,г Москва ул Автозаводская д.13/1,Москва,ул Автозаводская д.13/1,ул,Автозаводская ,д.13/1,7606358,муниципальный округ Даниловский,1958
2281087,г Москва ул Автозаводская д.2,Москва,ул Автозаводская д.2,ул,Автозаводская ,д.2,7606363,муниципальный округ Даниловский,1960
2281087,г Москва ул Автозаводская д.3,Москва,ул Автозаводская д.3,ул,Автозаводская ,д.3,7606365,муниципальный округ Даниловский,1957
2281087,г Москва ул Автозаводская д.4,Москва,ул Автозаводская д.4,ул,Автозаводская ,д.4,7606372,муниципальный округ Даниловский,1958
2281087,г Москва ул Автозаводская д.5,Москва,ул Автозаводская д.5,ул,Автозаводская ,д.5,7606376,муниципальный округ Даниловский,1956
2281087,г Москва ул Автозаводская д.6,Москва,ул Автозаводская д.6,ул,Автозаводская ,д.6,7606295,муниципальный округ Даниловский,1955
2281087,г Москва ул Автозаводская д.7,Москва,ул Автозаводская д.7,ул,Автозаводская ,д.7,7610456,муниципальный округ Даниловский,1957
2281087,г Москва ул Автозаводская д.8,Москва,ул Автозаводская д.8,ул,Автозаводская ,д.8,7610455,муниципальный округ Даниловский,1957
2281087,г Москва ул Автозаводская д.9,Москва,ул Автозаводская д.9,ул,Автозаводская ,д.9,7610453,муниципальный округ Даниловский,1955
2281087,г Москва ул Велозаводская д.2,Москва,ул Велозаводская д.2,ул,Велозаводская ,д.2,7610458,муниципальный округ Даниловский,1962
2281087,г Москва ул Велозаводская д.2 кор.1,Москва,ул Велозаводская д.2 кор.1,ул,Велозаводская ,д.2 кор.1,7610460,муниципальный округ Даниловский,1962
2281087,г Москва ул Велозаводская д.2 кор.2,Москва,ул Велозаводская д.2 кор.2,ул,Велозаводская ,д.2 кор.2,7610459,муниципальный округ Даниловский,1961
2281087,г Москва ул Велозаводская д.2 кор.3,Москва,ул Велозаводская д.2 кор.3,ул,Велозаводская ,д.2 кор.3,7871216,муниципальный округ Даниловский,2010
2281087,г Москва ул Велозаводская д.6,Москва,ул Велозаводская д.6,ул,Велозаводская ,д.6,7871266,муниципальный округ Даниловский,1940
2281087,г Москва ул Велозаводская д.6А,Москва,ул Велозаводская д.6А,ул,Велозаводская ,д.6А,7871274,муниципальный округ Даниловский,1956
2281087,г Москва ул Восточная д.1 кор.1,Москва,ул Восточная д.1 кор.1,ул,Восточная ,д.1 кор.1,7871282,муниципальный округ Даниловский,1931
2281087,г Москва ул Восточная д.11 кор.1,Москва,ул Восточная д.11 кор.1,ул,Восточная ,д.11 кор.1,7871320,муниципальный округ Даниловский,1973
2281087,г Москва ул Восточная д.13,Москва,ул Восточная д.13,ул,Восточная ,д.13,7871334,муниципальный округ Даниловский,1980
2281087,г Москва ул Восточная д.15/6,Москва,ул Восточная д.15/6,ул,Восточная ,д.15/6,7871374,муниципальный округ Даниловский,1970
2281087,г Москва ул Восточная д.2 кор.1,Москва,ул Восточная д.2 кор.1,ул,Восточная ,д.2 кор.1,7871737,муниципальный округ Даниловский,1960
2281087,г Москва ул Восточная д.2 кор.2,Москва,ул Восточная д.2 кор.2,ул,Восточная ,д.2 кор.2,7871878,муниципальный округ Даниловский,1960
2281087,г Москва ул Восточная д.2 кор.3,Москва,ул Восточная д.2 кор.3,ул,Восточная ,д.2 кор.3,7871884,муниципальный округ Даниловский,1960
2281087,г Москва ул Восточная д.2 кор.4,Москва,ул Восточная д.2 кор.4,ул,Восточная ,д.2 кор.4,7871913,муниципальный округ Даниловский,1960
2281087,г Москва ул Восточная д.2 кор.5,Москва,ул Восточная д.2 кор.5,ул,Восточная ,д.2 кор.5,7871921,муниципальный округ Даниловский,1959
2281087,г Москва ул Восточная д.5,Москва,ул Восточная д.5,ул,Восточная ,д.5,7871938,муниципальный округ Даниловский,1928
2281087,г Москва ул Восточная д.7,Москва,ул Восточная д.7,ул,Восточная ,д.7,7871952,муниципальный округ Даниловский,1928
2281087,г Москва ул Восточная д.9,Москва,ул Восточная д.9,ул,Восточная ,д.9,7871971,муниципальный округ Даниловский,2010
2281087,г Москва ул Городская д.1,Москва,ул Городская д.1,ул,Городская ,д.1,7871987,муниципальный округ Даниловский,1927
2281087,г Москва ул Городская д.2,Москва,ул Городская д.2,ул,Городская ,д.2,7872045,муниципальный округ Даниловский,1900
